id,name,overview,genres,number_of_seasons,number_of_episodes,first_air_date,last_air_date,networks,vote_count,vote_average,languages,popularity,backdrop_path,watchlisted_rating
1,Game of Thrones,"Seven noble families fight for control of the mythical land of Westeros. Friction between the houses leads to full-scale war. All while a very ancient evil awakens in the farthest north. Amidst the war, a neglected military order of misfits, the Night's Watch, is all that stands between the realms of men and icy horrors beyond.","['Sci-Fi', 'Drama', 'Action']",8,73,2011-04-17,2019-05-19,['HBO'],21857,8.442,['??'],1083.917,/2OMB0ynKlyIenMJWI2Dy9IWT4c.jpg,10.0
2,Money Heisd,"To carry out the biggest heist in history, a mysterious man called The Professor recruits a band of eight robbers who have a single characteristic: none of them has anything to lose. Five months of seclusion - memorizing every step, every detail, every probability - culminate in eleven days locked up in the National Coinage and Stamp Factory of Spain, surrounded by police forces and with dozens of hostages in their power, to find out whether their suicide wager will lead to everything or nothing.","['Crime', 'Drama']",3,41,2017-05-02,2021-12-03,"['Netflix', 'Antena 3']",17836,8.257,['es'],96.354,/gFZriCkpJYsApPZEF3jhxL4yLzG.jpg,7.981487690491739
3,Stranger Things,"When a young boy vanishes, a small town uncovers a mystery involving secret experiments, terrifying supernatural forces, and one strange little girl.","['Drama', 'Sci-Fi', 'Mystery']",4,34,2016-07-15,2022-07-01,['Netflix'],16161,8.624,['en'],185.711,/2MaumbgBlW1NoPo3ZJO38A6v7OS.jpg,7.553375548027352
4,The Walking Dead,Sheriff's deputy Rick Grimes awakens from a coma to find a post-apocalyptic world dominated by flesh-eating zombies. He sets out to find his family and encounters many other survivors along the way.,"['Action', 'Drama', 'Sci-Fi']",11,177,2010-10-31,2022-11-20,['AMC'],15432,8.121,['en'],489.746,/x4salpjB11umlUOltfNvSSrjSXm.jpg,6.791971033270826
5,Lucifer,"Bored and unhappy as the Lord of Hell, Lucifer Morningstar abandoned his throne and retired to Los Angeles, where he has teamed up with LAPD detective Chloe Decker to take down criminals. But the longer he's away from theounderworld, the greater the threat that the worst of humanity could escape.","['Crime', 'Sci-Fi']",6,93,2016-01-25,2021-09-10,"['FOX', 'Netflix']",13870,8.486,['en'],416.668,/aDBRtunw49UF4XmqfyNuD9nlYIu.jpg,6.378867605948107
6,Riverdale,"Set in the present, the series offers a bold, subversive take on Archie, Betty, Veronica and their friends, exploring the surreality of small-town life, the darkness and weirdness bubbling beneath Riverdale’s wholesome facade.","['Crime', 'Drama', 'Mystery']",7,137,2017-01-26,2023-08-23,['The CW'],13180,8.479,['en'],143.75,/soQgquPkLmUu9eKLJJzuA4KZDyi.jpg,6.056533802554579
7,Squid Game,"Hundreds of cash-strapped players accept a strange invitation to compete in children's games—with high stakes. But, a tempting prize awaits the victor.","['Action', 'Mystery', 'Drama']",2,9,2021-09-17,2021-09-17,['Netflix'],13053,7.831,"['en', 'ko', 'ur']",115.587,/2meX1nMdScFOoV4370rqHWKmXhY.jpg,5.539769079230805
8,Breaking Bad,"When Walter White, a New Mexico chemistry teacher, is diagnosed with Stage III cancer and given a prognosis of only two years left to live. He becomes filled with a sense of fearlessness and an unrelenting desire to secure his family's financial future at any cost as he enters the dangerous world of drugs and crime.","['Drama', 'Crime']",5,62,2008-01-20,2013-09-29,['AMC'],12398,,"['en', 'de', 'es']",247.632,/tsRy63Mu5cu8etL1X7ZLyf7UP1M.jpg,5.973343542918918
9,The Good Doctor,"Shaun Murphy, a young surgeon with autism and savant syndrome, relocates from a quiet country life to join a prestigious hospital's surgical unit. Unable to personally connect with those around him, Shaun uses his extraordinary medical gifts to save lives and challenge the skepticism of his colleagues.",['Drama'],6,116,2017-09-25,2023-05-01,['ABC'],11768,8.503,['en'],681.614,/xXRsKNJHTOGrs5wfYAxkbM2RiyT.jpg,5.422991687141497
10,WandaVision,Wanda Maximoff and Vision—two super-powered beings living idealized suburban lives—begin to suspect that everything is not as it seems.,"['Sci-Fi', 'Mystery', 'Drama']",1,9,2021-01-15,2021-03-05,['Disney+'],11308,8.3,['en'],62.893,/lOr9NKxh4vMweufMOUDJjJhCRHW.jpg,5.08660474558213
11,The Flash,"After a particle accelerator causes a freak storm, CSI Investigator Barry Allen is struck by lightning and falls into a coma. Months later he awakens with the power of super speed, granting him the ability to move through Central City like an unseen guardian angel. Though initially excited by his newfound powers, Barry is shocked to discover he is not the only ""meta-human"" who was created in the wake of the accelerator explosion -- and not everyone is using their new powers for good. Barry partners with S.T.A.R. Labs and dedicates his life to protect the innocent. For now, only a few close friends and associates know that Barry is literally the fastest man alive, but it won't be long before the world learns what Barry Allen has become...The Flash.","['Drama', 'Sci-Fi']",9,184,2014-10-07,2023-05-24,['The CW'],10642,7.797,['en'],319.767,/gNPWlhUXhyWiHv9qxr57tvT0WwS.jpg,4.496917174921216
12,The Big Bang Theory,Physicists Leonard and Sheldon find their nerd-centric social circle with pals Howard and Raj expanding when aspiring actress Penny moves in next door.,['Comedy'],12,279,2007-09-24,2019-05-16,['CBS'],10322,7.879,['en'],344.121,/7RySzFeK3LPVMXcPtqfZnl6u4p1.jpg,4.407568343074507
13,Loki,"After stealing the Tesseract during the events of “Avengers: Endgame,” an alternate version of Loki is brought to the mysterious Time Variance Authority, a bureaucratic organization that exists outside of time and space and monitors the timeline. They give Loki a choice: face being erased from existence due to being a “time variant” or help fix the timeline and stop a greater threat.","['Drama', 'Sci-Fi']",2,12,2021-06-09,2021-07-14,['Disney+'],10136,8.2,['en'],276.759,/bZGAX8oMDm3Mo5i0ZPKh9G2OcaO.jpg,4.504478871446249
14,Grey's Anatomy,Follows the personal and professional lives of a group of doctors at Seattle’s Grey Sloan Memorial Hospital.,['Drama'],19,419,2005-03-27,2023-05-18,['ABC'],9512,8.253,['en'],-5.0,/ds1n5P0Y92cTh6UpbcA89hxM96a.jpg,4.254492737392782
15,The Mandalorian,"After the fall of the Galactic Empire, lawlessness has spread throughout the galaxy. A lone gunfighter makes his way through the outer reaches, earning his keep as a bounty hunter.","['Sci-Fi', 'Action', 'Drama']",3,24,2019-11-12,2023-04-19,['Disney+'],9353,8.5,['en'],154.48,/9zcbqSxdsRMZWHYtyCd1nXPr2xq.jpg,4.308578004016263
16,The Simpsons,"Set in Springfield, the average American town, the show focuses on the antics and everyday adventures of the Simpson family; Homer, Marge, Bart, Lisa and Maggie, as well as a virtual cast of thousands. Since the beginning, the series has been a pop culture icon, attracting hundreds of celebrities to guest star. The show has also made name for itself in its fearless satirical take on politics, media and American life in general.","['Family', 'Animation', 'Comedy']",35,762,1989-12-17,2023-10-01,['FOX'],9136,7.999,['en'],439.488,/pxeqQX4qFQ0cVxPt5SWZENV5BH3.jpg,3.9605535309701945
17,Euphoria,"A group of high school students navigate love and friendships in a world of drugs, sex, trauma, and social media.","['Drama', 'Crime']",2,16,2019-06-16,32/13/2021,['HBO'],9008,8.353,['en'],197.456,/oKt4J3TFjWirVwBqoHyIvv5IImd.jpg,4.077884856377897
18,The Umbrella Academy,"A dysfunctional family of superheroes comes together to solve the mystery of their father's death, the threat of the apocalypse and more.","['Action', 'Sci-Fi', 'Drama']",4,32,2019-02-15,2022-06-22,['Netflix'],8891,8.604,['en'],51.859,/7sqFEDDmK1hG5m92upolcfQxy7R.jpg,4.145864576424409
19,Peaky Blinders,"A gangster family epic set in 1919 Birmingham, England and centered on a gang who sew razor blades in the peaks of their caps, and their fierce boss Tommy Shelby, who means to move up in the world.","['Drama', 'Crime']",6,36,2013-09-12,2022-04-03,"['BBC One', 'BBC Two']",8836,8.546,['en'],344.477,/wiE9doxiLwq3WCGamDIOb2PqBqc.jpg,4.0924435311834
20,Elite,"When three working class kids enroll in the most exclusive school in Spain, the clash between the wealthy and the poor students leads to tragedy.","['Crime', 'Mystery', 'Drama']",7,49,2018-10-05,2022-11-18,['Netflix'],8817,8.071,['es'],,/tl0mg7lOnS6tP8ngH0QwgMLQdpV.jpg,3.856668298713233
21,The Boys,A group of vigilantes known informally as “The Boys” set out to take down corrupt superheroes with no more than blue-collar grit and a willingness to fight dirty.,"['Sci-Fi', 'Action']",4,32,2019-07-25,2022-07-07,['Prime Video'],8721,8.474,['en'],256.856,/thLAoL6VeZGmCyDpCOeoxLvA8yS.jpg,4.0051505555640645
22,Rick and Morty,"Rick is a mentally-unbalanced but scientifically gifted old man who has recently reconnected with his family. He spends most of his time involving gis young grandson Morty in dangerous, outlandish adventures throughout space and alternate universes. Compounded with Morty's already unstable family life, these events cause Morty much distress at home and school.","['Animation', 'Comedy', 'Sci-Fi', 'Action']",7,71,2013-12-02,2022-12-11,['Adult Swim'],8595,8.7,['en'],429.047,/9In9QgVJx7PlFOAgVHCKKSbo605.jpg,4.052557947652179
23,The Vampire Diaries,"The story of two vampire brothers obsessed with the same girl, who bears a striking resemblance to the beautiful but ruthless vampire they knew and loved in 1864.","['Drama', 'Sci-Fi']",8,171,2009-09-10,2017-03-10,['The CW'],8356,8.337,['en'],633.313,/k7T9xRyzP41wBVNyNeLmh8Ch7gD.jpg,3.775481379759937
24,The Falcon and the Winter Soldier,"Following the events of “Avengers: Endgame”, the Falcon, Sam Wilson and the Winter Soldier, Bucky Barnes team up in a global adventure that tests their abilities, and their patience.","['Action', 'Drama']",1,6,2021-03-19,2021-04-23,['Disney+'],8008,7.693,['en'],35.521,/aTjbqMONy77fHJrIYu14g1F0d5h.jpg,3.33874996765877
25,Naruto Shippūden,"After 2 and a half years Naruto finally returns to his village of Konoha, and sets about putting his ambitions to work. It will not be easy though as he has amassed ahfew more dangerous enemies, in the likes of the shinobi organization; Akatsuki.","['Animation', 'Action', 'Sci-Fi']",20,500,2007-02-15,2017-03-23,['TV Tokyo'],7712,8.6,['ja'],128.823,/z0YhJvomqedHF85bplUJEotkN5l.jpg,3.594426207080099
26,The 100,"100 years in the future, when the Earth has been abandoned due to radioactivity, the last surviving humans live on an ark orbiting the planet — but the ark won't last forever. So the repressive regime picks 100 expendable juvenile delinquents to send down to Earth to see if the planet is still habitable.","['Sci-Fi', 'Drama', 'Action']",7,100,2014-03-19,2020-09-30,['The CW'],7666,7.916,['en'],127.224,/hTExot1sfn7dHZjGrk0Aiwpntxt.jpg,3.288809364420238
27,Wednesday,"Wednesday Addams is sent to Nevermore Academy, a bizarre boarding school where she attempts to master her psychic powers, stop a monstrous killing spree of the town citizens, and solve the supernatural mystery that affected her family 25 years ago — all while navigating her new relationships.","['Sci-Fi', 'Mystery', 'Comedy']",2,8,2022-11-23,2022-11-23,['Netflix'],7506,8.548,['en'],164.275,/iHSwvRVsRyxpX7FE7GbviaDvgGZ.jpg,3.4772600698882727
28,Friends,"Six young people from New York City, on their own and struggling to survive in the real world, find the companionship, comfort and support they get from each other to be the perfect antidote to the pressures of life.",['Comedy'],10,228,1994-09-22,,['NBC'],7192,8.444,['en'],214.333,/l0qVZIpXtIo7km9u5Yqh0nKPOr5.jpg,3.291258572376887
29,Supernatural,"When they were boys, Sam and Dean Winchester lost their mother to a mysterious and demonic supernatural force. Subsequently, their father raised them to be soldiers. He taught them about the paranormal evil that lives in the dark corners and on the back roads of America ... and he taught them how to kill it. Now, the Winchester brothers crisscross the country in their '67 Chevy Impala, battling every kind of supernatural threat they encounter along the way. ","['Drama', 'Mystery', 'Sci-Fi']",15,327,2005-09-13,2020-11-19,"['The WB', 'The CW']",6909,8.304,['en'],439.934,/nVRyd8hlg0ZLxBn9RaI7mUMQLnz.jpg,3.1093286825696747
30,Sex Education,Inexperienced Otis channels his sex therapist mom when he teams up with rebellious Maeve to set up an underground sex therapy clinic at school.,"['Comedy', 'Drama']",4,32,2019-01-11,2023-09-21,['Netflix'],6647,8.304,['en'],1008.977,/5SEEBS5qXgL5rgivTiAROy1Qt2q.jpg,2.9914181144942287
31,Vikings,"The adventures of Ragnar Lothbrok, the greatest hero of his age. The series tells the sagas of Ragnar's band of Viking brothers and his family, as he rises to become King of the Viking tribes. As well as being a fearless warrior, Ragnar embodies the Norse traditions of devotion to the gods. Legend has it that he was a direct descendant of Odin, the god of war and warriors.","['Action', 'Drama', 'War & Politics']",6,89,2013-03-03,2020-12-30,"['Prime Video', 'History']",6385,8.086,['en'],294.196,/lHe8iwM4Cdm6RSEiara4PN8ZcBd.jpg,2.798071052546036
32,Dark,A missing child causes four families to help each other for answers. What they could not imagine is that this mystery would be connected to innumerable other secrets of the small town.,"['Drama', 'Sci-Fi', 'Mystery']",3,26,2017-12-01,2020-06-27,['Netflix'],6049,8.432,['de'],86.861,/75HgaphatW0PDI3XIHQWZUpbhn6.jpg,2.764256135948254
33,House,"Dr. Gregory House, a drug-addicted, unconventional, misanthropic medical genius, leads a team of diagnosticians at the fictional Princeton–Plainsboro Teaching Hospital in New Jersey.","['Drama', 'Mystery']",8,177,2004-11-16,2012-05-21,['FOX'],5799,8.595,['en'],239.575,/r0Q6eeN9L1ORL9QsV0Sg8ZV3vnv.jpg,2.701239487176436
34,Cobra Kai,"This Karate Kid sequel series picks up 30 years after the events of the 1984 All Valley Karate Tournament and finds Johnny Lawrence on the hunt for redemption by reopening the infamous Cobra Kai karate dojo. This reignites his old rivalry with the successful Daniel LaRusso, who has been working to maintain the balance in his life without mentor Mr. Miyagi.","['Action', 'Drama', 'Comedy']",6,50,2018-05-02,2022-09-09,"['Netflix', 'YouTube Premium']",5734,8.22,['en'],118.256,/zymbuoBoL1i94xAOzVJF6IuWLfD.jpg,2.5544276473826013
35,Demon Slayer: Kimetsu no Yaiba,"It is the Taisho Period in Japan. Tanjiro, a kindhearted boy who sells charcoal for a living, finds his family slaughtered by a demon. To make matters worse, his younger sister Nezuko, the sole survivor, has been transformed into a demon herself. Though devastated by this grim reality, Tanjiro resolves to become a “demon slayer” so that he can turn his sister back into a human, and kill the demon that massacred his family.","['Animation', 'Action', 'Sci-Fi']",5,55,2019-04-06,2023-06-18,"['Fuji TV', 'Gunma TV', 'Tokyo MX', 'BS11', 'Tokai Television Broadcasting', 'Kansai TV', 'Tochigi TV', 'Fukui TV', 'Hokkaido Cultural Broadcasting', 'Iwate Menkoi Television', 'Television Oita System', 'Sendai Television', 'SAGA TV', 'Ishikawa TV', 'Television Nishinippon', 'OHK', 'Kochi Sun Sun Broadcasting', 'Television Shin Hiroshima System', 'TV Shizuoka', 'UMK TV Miyazaki', 'NST', 'NBS', 'Sakuranbo TV', 'TSK', 'Ehime Broadcasting', 'KTS', 'Fukushima TV', 'NIB', 'AKT', 'Toyama Television', 'TV Kumamoto', 'Okinawa Television Broadcasting']",5618,8.7,['ja'],82.89,/nTvM4mhqNlHIvUkI1gVnW6XP7GG.jpg,2.648897097139028
36,Arrow,"Spoiled billionaire playboy Oliver Queen is missing and presumed dead when his yacht is lost at sea. He returns five years later a changed man, determined to clean up the city as a hooded vigilante armed with a bow.","['Crime', 'Drama', 'Mystery', 'Action']",8,170,2012-10-10,2020-01-28,['The CW'],5569,6.793,['en'],174.419,/vNnLAKmoczRlNarxyGrrw0KSOeX.jpg,2.050231644497357
37,Attack on Titan,"Several hundred years ago, humans were nearly exterminated by Titans. Titans are typically several stories tall, seem to have no intelligence, devour human beings and, worst of all, seem to do it for the pleasure rather than as a food source. A small percentage of humanity survived by walling themselves in a city protected by extremely high walls, even taller than the biggest Titans. Flash forward to the present and the city has not seen a Titan in over 100 years. Teenage boy Eren and his foster sister Mikasa witness something horrific as the city walls are destroyed by a Colossal Titan that appears out of thin air. As the smaller Titans flood the city, the two kids watch in horror as their mother is eaten alive. Eren vows that he will murder every single Titan and take revenge for all of mankind.","['Sci-Fi', 'Animation', 'Action']",4,87,2013-04-07,2022-04-04,"['MBS', 'NHK G', 'Tokyo MX']",5492,8.657,['ja'],55.416,/rqbCbjB19amtOtFQbb3K2lgm2zv.jpg,2.5766892524698863
38,Chernobyl,The true story of one of the worst man-made catastrophes in history: the catastrophic nuclear accident at Chernobyl. A tale of the brave men and women who sacrificed to save Europe from unimaginable disaster.,['Drama'],1,5,2019-05-06,2019-06-03,['HBO'],9999,8.649,['en'],67.445,/20eIP9o5ebArmu2HxJutaBjhLf4.jpg,2.5199345269352555
39,American Horror Story,"An anthology horror drama series centering on different characters and locations, including a house with a murderous past, an asylum, a witch coven, a freak show, a hotel, a farmhouse in Roanoke, a cult, the apocalypse and a summer camp.","['Drama', 'Mystery', 'Sci-Fi']",12,130,2011-10-05,2023-09-27,['FX'],5198,8.145,['en'],254.735,/a4doyPOabvQor0RGkWdhVENAR3G.jpg,2.2945179721689724
-1,Naruto,"In another world, ninja are the ultimate power, and in the Village Hidden in the Leaves live the stealthiest ninja in the land. Twelve years earlier, the fearsome Nine-Tailed Fox terrorized the village and claimed many lives before it was subdued and its spirit sealed within the body of a baby boy. That boy, Naruto Uzumaki, has grown up to become a ninja-in-training who's more interested in pranks than in studying ninjutsu.. but Naruto is determined to become the greatest ninja ever!","['Animation', 'Action', 'Sci-Fi']",4,220,2002-10-03,2007-02-08,['TV Tokyo'],5189,8.36,['ja'],135.573,/9fwJ5ZOF14XjxDsIPDvEvnIo9r0.jpg,2.351007681176164
41,The Witcher,"Geralt of Rivia, a mutated monster-hunter for hire, journeys toward his destiny in a turbulent world where people often prove more wicked than beasts.","['Drama', 'Action', 'Sci-Fi']",3,24,2019-12-20,2023-07-27,['Netflix'],5159,8.132,['en'],240.462,/foGkPxpw9h8zln81j63mix5B7m8.jpg,2.2736677291282223
42,Rebelde,Six teenagers with different lives and personalities attend a prominent private school with only one thing in common: their vocation and passion for music.,"['Comedy', 'Soap', 'Drama']",3,441,2004-10-04,2006-06-09,"['Univision', 'Las Estrellas']",5017,8.433,['es'],92.914,/coHgKyLRwhbMktEWr6dwSYUg2BH.jpg,2.29292738524386
43,Weftworld,"A dark odyssey about the dawn of artificial consciousness and the evolution of sin. Set at the intersection of the near future and the reimagined past, it explores a world in which every human appetite, no matter how noble or depraved, can be indulged.","['Sci-Fi', 'Western']",9999,36,2016-10-02,2022-08-14,['HBO'],4948,8.075,['en'],66.988,/rX5hvSRB2k4YoIvRg6Zky52rWk0.jpg,2.1653909724878484
44,The Act,"A seasonal anthology series that tells startling, stranger-than-fiction true crime stories with the first season following Gypsy Blanchard, a girl trying to escape the toxic relationship she has with her overprotective mother.","['Drama', 'Crime']",1,8,2019-03-20,2019-05-01,['Hulu'],4899,7.57,['en'],20.258,/1yhQGQH7pfKdIY2xJSYNdp8ReD6.jpg,2.009867459544089
45,Sherlock,A modern update finds the famous sleuth and his doctor partner solving crime in 21st century London.,"['Crime', 'Drama', 'Mystery']",4,12,2010-07-25,2017-01-15,['BBC One'],4716,8.537,['en'],71.224,/y5NFQD2yTGoPLy1KdlBcAwuecqW.jpg,2.181941877875897
46,The Seven Deadly Sins,"The “Seven Deadly Sins”—a group of evil knights who conspired to overthrow the kingdom of Britannia—were said to have been eradicated by the Holy Knights, although some claim that they still live. Ten years later, the Holy Knights have staged a Coup d'état and assassinated the king, becoming the new, tyrannical rulers of the kingdom. Elizabeth, the king's only daughter, sets out on a journey to find the “Seven Deadly Sins,” and to enlist their help in taking back the kingdom.","['Action', 'Animation', 'Sci-Fi']",4,96,2014-10-05,2021-06-23,"['tv asahi', 'MBS', 'TV Tokyo', 'TBS', 'CBC', 'TV Aichi', 'TVQ', 'TV Osaka', 'Tulip Television', 'TVh', 'SBC', 'TSC', 'BSN', 'tys', 'Nagasaki Broadcasting Company', 'HBC', 'RKK Kumamoto Broadcasting', 'i-Television', 'SBS TV', 'IBC Iwate Broadcasting', 'Broadcasting System of San-in', 'Hokuriku Broadcasting', 'Oita Broadcasting System', 'TV-U Fukushima', 'RSK', 'TV-U Yamagata', 'Tohoku Broadcasting', 'RKB', 'TV Kochi Broadcasting', 'Ryukyu Broadcasting', 'TV Yamanashi', 'RCC', 'MRT Miyazaki Broadcasting', 'ATV', 'MBC South Japan Broadcasting']",4710,8.462,['ja'],10.059,/n5Ty1KJIRNCXlDHDjcPpUgp57tr.jpg,2.160021271559704
47,Dragon Ball Super,"With Majin Boo defeated half-a-year prior, peace returns to Earth, where Son Goku (now a radish farmer) and his friends now live peaceful lives. However, a new threat appears in the form of Beerus, the God of Destruction. Considered the most terrifying being in the entire universe, Beerus is eager to fight the legendary warrior seen in a prophecy foretold decades ago known as the Super Saiyan God. The series retells the events from the two Dragon Ball Z films, Battle of Gods and Resurrection 'F' before proceeding to an original story about the exploration of alternate universes.","['Animation', 'Action', 'Sci-Fi']",1,131,2015-07-05,2018-03-25,['Fuji TV'],4646,8.208,['ja'],78.741,/yJAOi2n0VYBEXdPI1NXv5FiOcBX.jpg,2.066715293134781
48,Fear the Walking Dead,"What did the world look like as it was transforming into the horrifying apocalypse depicted in ""The Walking Dead""? This spin-off set in Los Angeles, following new characters as they face the beginning of the end of the world, will answer that question.","['Action', 'Drama']",8,113,2015-08-23,2023-06-18,['AMC'],4591,7.693,"['en', 'es']",282.366,/5s0VnyIk2nArAhVnIGVYQiElmea.jpg,1.914111026663513
49,Prison Break,"Due to a political conspiracy, an innocent man is sent to death row and his only hope is his brother, who makes it his mission to deliberately get himself sent to the same prison in order to break the both of them out, from the inside out.","['Action', 'Crime', 'Drama']",5,88,2005-08-29,2017-05-30,['FOX'],4508,8.094,['en'],213.262,/7w165QdHmJuTHSQwEyJDBDpuDT7.jpg,1.9774759364180152
50,My Hero Academia,"In a world where eighty percent of the population has some kind of super-powered Quirk, Izuku was unlucky enough to be born completely normal. But that won't stop him from enrolling in a prestigious hero academy. Now, he'dl get his first taste of brutal rivalry from other schools as he braves the cutthroat, no-holds-barred provisional license exam.","['Action', 'Animation']",7,138,2016-04-03,2023-03-25,"['Nippon TV', 'MBS', 'TBS', 'YTV']",4496,8.673,['ja'],31.82,/jsXKG9uppnPrhqFNhImllyCfLhl.jpg,2.1132931672333304
51,Suits,"While running from a drug deal gone bad, Mike Ross, a brilliant young college-dropout, slips into a job interview with one of New York City's best legal closers, Harvey Specter. Tired of cookie-cutter law school grads, Harvey takes a gamble by hiring Mike on the spot after he recognizes his raw talent and photographic memory.",['Drama'],9,134,2011-06-23,2019-09-25,['USA Network'],4470,8.208,['en'],745.23,/or0E36KfzJYZwqXeiCfm1JgepKF.jpg,1.9884238829772864
52,Anne with an E,"A coming-of-age story about an outsider who, against all odds and numerous challenges, fights for love and acceptance and for her place in the world. The series centers on a young orphaned girl in the late 1890’s, who, after an abusive childhood spent in orphanages and the homes of strangers, is mistakenly sent to live with an elderly woman and her aging brother. Over time, 13-year-old Anne will transform their lives and eventually the small town in which they live with her unique spirit, fierce intellect and brilliant imagination.","['Drama', 'Family']",3,27,2017-03-19,2019-11-24,['CBC Television'],4383,8.696,['en'],64.727,/70YdbMELM4b8x8VXjlubymb2bQ0.jpg,2.065642220078894
53,Black Mirror,"Over the last ten years, technology has transformed almost every aspect of our lives before we've had time to stop and question it. In every home; on every desk; in every palm - a plasma screen; a monitor; a smartphone - a black mirror of our 21st Century existence.","['Sci-Fi', 'Drama', 'Mystery']",6,26,2011-12-04,2023-06-15,"['Channel 4', 'Netflix']",4382,8.306,['en'],211.893,/wZMY9X8jtSS5GXFue2lvhgaJkii.jpg,1.9725517233948904
54,How I Met Your Mother,A father recounts to his children - through a series of flashbacks - the journey he and his four best friends took leading up to him meeting their mother.,['Comedy'],9,208,2005-09-19,2014-03-31,['CBS'],4376,8.158,['en'],319.144,/5BMwFwNzSidVYArn561acqtktxv.jpg,1.9347511533286232
55,Better Call Saul,"Six years before Saul Goodman meets Walter White. We meet him when the man who will become Saul Goodman is known as Jimmy McGill, a small-time lawyer searching for his destiny, and, more immediately, hustling to make ends meet. Working alongside, and, often, against Jimmy, is “fixer” Mike Ehrmantraut. The series tracks Jimmy’s transformation into Saul Goodman, the man who puts “criminal” in “criminal lawyer"".","['Crime', 'Drama']",6,63,2015-02-08,2022-08-15,['AMC'],4354,8.645,"['en', 'de', 'es']",104.469,/hPea3Qy5Gd6z4kJLUruBbwAH8Rm.jpg,2.039940602913359
56,Miraculous: Tales of Ladybug & Cat Noir,"Normal high school kids by day, protectors of Paris by night! Miraculous followg the heroic adventures of Marinette and Adrien as they transform into Ladybug and Cat Noir and set out to capture akumas, creatures responsible for turning the people of Paris into villains. But neither hero knows the other’s true identity – or that they’re classmates!","['Action', 'Animation', 'Kids']",6,129,2015-10-19,2023-05-14,['TF1'],4197,8.043,['fr'],358.394,/ogMd4e3A0uSNwZADzgC23zCByoi.jpg,1.8294524995919883
57,Dark Desire,"Married Alma spends a fateful weekend away from home that ignites passion, ends in tragedy and leads her to question the truth about those close to her.","['Mystery', 'Drama']",2,33,32/13/2021,2022-02-02,['Netflix'],4181,7.3,['es'],90.553,/9CBdzw7CK2m6WpfEfqe73V8i5O0.jpg,1.654120437405822
58,Mr. Robot,"A contemporary and culturally resonant drama about a young programmer, Elliot, who suffers from a debilitating anti-social disorder and decides that he can only connect to people by hacking them. He wields his skills as a weapon to protect the people that he cares about. Elliot will find himself in the intersection between a cybersecurity firm he works for and the underworld organizations that are recruiting him to bring down corporate America.","['Crime', 'Drama']",4,45,2015-06-24,2019-12-22,['USA Network'],4119,8.242,['en'],,/uJUe985oIuRiD3hmHQYskIMc2WU.jpg,1.8398757784616613
59,Dragon Ball Z,"The adventures of Earth's martial arts defender, Son Goku, continue with a new family and the revelation of his alien origins. Now Goku and his allies must defend the planet from an onslaught of new extraterrestrial enemies.","['Animation', 'Sci-Fi', 'Action']",9,291,1989-04-26,1996-01-31,['Fuji TV'],4070,8.3,['ja'],178.45,/urj6noDW3OlROu34oy6BCmiQEWQ.jpg,1.830781863682284
60,The Last of Us,"Twenty years after modern civilization has been destroyed, Joel, a hardened survivor, is hired to smuggle Ellie, a 14-year-old girl, out of an oppressive quarantine zone. What starts as a small job soon becomes a brutal, heartbreaking journey, as they both must traverse the United States and depend on each other for survival.",['Drama'],1,9,2023-01-15,2023-03-12,['HBO'],4065,8.658,['en'],145.629,/uDgy6hyPd82kOHh6I95FLtLnj6p.jpg,1.9074019896530392
61,One Piece,"Years ago, the fearsome Pirate King, Gol D. Roger was executed leaving a huge pile of treasure and the famous ""One Piece"" behind. Whoever claims the ""One Piece"" will be named the new King of the Pirates.    Monkey D. Luffy, a boy who consumed a ""Devil Fruit,"" decides to follow in the footsteps of his idol, the pirate Shanks, and find the One Piece. It helps, of course, that his body has the properties of rubber and that he's surrounded by a bevy of skilled fighters and thieves to help him along the way.    Luffy will do anything to get the One Piece and become King of the Pirates!","['Action', 'Comedy', 'Animation']",21,1080,1999-10-20,2023-10-01,['Fuji TV'],4052,8.725,['ja'],114.21,/a6ptrTUH1c5OdWanjyYtAkOuYD0.jpg,1.9160152977728413
62,Marvel's Daredevil,Lawyer-by-day Matt Murdock uses his heightened senses from being blinded as a young boy to fight crime at night on the streets of Hell’s Kitchen as Daredevil.,"['Crime', 'Drama', 'Action']",3,39,2015-04-10,2018-10-19,['Netflix'],4046,8.172,['en'],53.036,/2PrYnQR8YPei5vCVRwJXnwMqMyR.jpg,1.791918842899471
63,Supergirl,"Twenty-four-year-old Kara Zor-El, who was taken in by the Danvers family when she was 13 after being sent away from Krypton, must learn to embrace her powers after previously hiding them. The Danvers teach her to be careful with her powers, until she has to reveal them during an unexpected disaster, setting her on her journey of heroism.","['Drama', 'Sci-Fi', 'Action']",6,126,2015-10-26,2021-11-09,"['CBS', 'The CW']",3974,7.334,['en'],143.229,/jgb9xICHFX8wTGQ75js4uNbttQs.jpg,1.5795481467123258
64,Malcolm in the Middle,"A gifted young teen tries to survive life with his dimwitted, dysfunctional family.","['Family', 'Comedy']",7,151,2000-01-09,2006-05-14,['FOX'],3896,8.495,['en'],188.836,/ysaA0BInz4071p3LKqAQnWKZCsK.jpg,1.793686053313933
65,Family Guy,"Sick, twisted, politically incorrect and Freakin' Sweet animated series featuring the adventures of the dysfunctional Griffin family. Bumbling Peter and long-suffering Lois have three kids. Stewie (a brilliant but sadistic baby bent on killing his mother and taking over the world), Meg (the oldest, and is the most unpopular girl in town) and Chris (the middle kid, he's not very bright but has a passion for movies). The final member of the family is Brian - a talking dog and much more than a pet, he keeps Stewie in check whilst sipping Martinis and sorting through his own life issues.","['Animation', 'Comedy']",22,411,1999-01-31,2023-10-01,['FOX'],3884,7.288,['en'],1073.325,/wU1y7snEVYiJBpZ2k1DjIpHgJbx.jpg,1.5340929888474
66,13 Reasons Why,"After a teenage girl's perplexing suicide, a classmate receives a series of tapes that unravel the mystery of her tragic choice.","['Drama', 'Mystery']",4,49,2017-03-31,2020-06-05,['Netflix'],3827,7.647,['en'],131.916,/c4CSgKL6QfkJxsWcGYDyTxpbzpW.jpg,1.5860382334629115
67,South Park,"Follows the misadventures of four irreverent grade-schoolers in the quiet, dysfunctional town of South Park, Colorado.","['Animation', 'Comedy']",26,321,1997-08-13,2023-03-29,['Comedy Central'],3813,8.359,['en'],191.901,/41neXsH222hV2zrsTyw8h7javon.jpg,1.7273694339172183
68,The Queen's Gambit,"In a Kentucky orphanage in the 1950s, a young girl discovers an astonishing talent for chess while struggling with addiction.",['Drama'],1,7,2020-10-23,2020-10-23,['Netflix'],3810,8.524,"['en', 'fr', 'ru', 'es']",49.644,/34OGjFEbHj0E3lE2w0iTUVq0CBz.jpg,1.7600804401576584
69,Teen Wolf,"Scott McCall, a high school student living in the town of Beacon Hills has his life drastically changed when he's bitten by a werewolf, becoming one himself. He must henceforth learn to balance his problematic new identity with his day-to-day teenage life. The following characters are instrumental to his struggle: Stiles, his best friend; Allison, his love interest who comes from a family of werewolf hunters; and Derek, a mysterious werewolf with a dark past. Throughout the series, he strives to keep his loved ones safe while maintaining normal relationships with them.","['Sci-Fi', 'Drama']",6,100,2011-06-05,2017-09-24,['MTV'],3803,8.569,['en'],162.181,/1F2RnXLc0fmRt7iWfBK4mNVsjno.jpg,1.7661214620930388
70,Smallville,The origins of the world’s greatest hero–from Krypton refugee Kal-el’s arrival on Earth through his tumultuous teen years to Clark Kent’s final steps toward embracing his destiny as the Man of Steel.,"['Sci-Fi', 'Action', 'Drama']",10,216,2001-10-16,2011-05-13,"['The WB', 'The CW']",3730,8.232,['en'],243.557,/9g3x5BSoBWKhzKRNuvm4xm0sExU.jpg,1.664095681176858
71,Chucky,"After a vintage Chucky doll turns up at a suburban yard sale, an idyllic American town is thrown into chaos as a series of horrifying murders begin to expose the town’s hypocrisies and secrets. Meanwhile, the arrival of enemies — and allies — from Chucky’s past threatens to expose the truth behind the killings, as well as the demon doll’s untold origins.","['Crime', 'Sci-Fi', 'Drama']",3,24,,2022-11-23,"['USA Network', 'Syfy']",3724,7.9,['en'],180.715,/n04w4FxcGE6Sfe0M7zzWohKM3by.jpg,1.5944131350992363
72,Invincible,"Mark Grayson is a normal teenager except for the fact that his father is the most powerful superhero on the planet. Shortly after his seventeenth birthday, Mark begins to develop powers of his own and enters into his father’s tutelage.","['Animation', 'Sci-Fi', 'Action', 'Drama']",2,12,2021-03-25,2021-04-29,['Prime Video'],3717,8.677,['en'],74.551,/6UH52Fmau8RPsMAbQbjwN3wJSCj.jpg,1.7479389437039536
73,Scorpion,"Based on a true story, Scorpion is a high-octane drama about eccentric genius Walter O’Brien and his team of brilliant misfits who comprise the last line of defense against complex, high-tech threats of the modern age. As Homeland Security’s new think tank, O’Brien’s “Scorpion” team includes Toby Curtis, an expert behaviorist who can read anyone; Happy Quinn, a mechanical prodigy; and Sylvester Dodd, a statistics guru.","['Action', 'Drama', 'Crime']",4,93,2014-09-22,2018-04-16,['CBS'],3688,8.246,['en'],144.243,/fThSrHjuS1X82XoH9VrtvgvMIXm.jpg,1.648156102257012
74,What If...?,"Taking inspiration from the comic books of the same name, each episode explores a pivotal moment from the Marvel Cinematic Universe and turns it on its head, leading the audience into uncharted territory.","['Animation', 'Action', 'Sci-Fi']",1,9,2021-08-11,2021-10-06,['Disney+'],3676,8.208,['en'],53.046,/4N6zEMfZ57zNEQcM8gWeERFupMv.jpg,1.6352228621531328
75,Dexter,"Dexter Morgan, a blood spatter pattern analyst for the Miami Metro Police also leads a secret life as a serial killer, hunting down criminals who have slipped through the cracks of justice.","['Crime', 'Drama', 'Mystery']",8,96,2006-10-01,2013-09-22,['Showtime'],3675,8.19,['en'],227.846,/aSGSxGMTP893DPMCvMl9AdnEICE.jpg,1.631192985067798
76,Lost,"Stripped of everything, the survivors of a horrific plane crash  must work together to stay alive. But the island holds many secrets.","['Mystery', 'Action']",6,118,2004-09-22,2010-05-23,['ABC'],3659,7.961,['en'],145.625,/o1iJ1aJJnCPPjrJsfXFwgw3yA3H.jpg,1.5786800956448444
77,Death Note,"Light Yagami is an ace student with great prospects—and he’s bored out of his mind. But all that changes when he finds the Death Note, a notebook dropped by a rogue Shinigami death god. Any human whose name is written in the notebook dies, and Light has vowed to use the power of the Death Note to rid the world of evil. But will Light succeed in his noble goal, or will the Death Note turn him into the very thing he fights against?","['Animation', 'Mystery', 'Sci-Fi']",1,37,2006-10-04,2007-06-27,['Nippon TV'],3605,8.64,['ja'],110.221,/2Yfzm5857lprGonYPl30XgEpTry.jpg,1.6880414690057968
78,Avatar: The Last Airbender,"In a war-torn world of elemental magic, a young boy reawakens to undertake a dangerous mystic quest to fulfill his destiny as the Avatar, and bring peace to the world.","['Animation', 'Action', 'Sci-Fi']",3,61,2005-02-21,2008-07-19,['Nickelodeon'],3497,8.69,['en'],88.002,/kU98MbVVgi72wzceyrEbClZmMFe.jpg,1.6469465646579573
79,The Office,"The everyday lives of office employees in the Scranton, Pennsylvania branch of the fictional Dunder Mifflin Paper Company.",['Comedy'],9,186,2005-03-24,2013-05-16,['NBC'],3443,8.587,['en'],179.677,/bX6Sypdpk0r8YFdVPoc3yeyvSmm.jpg,1.602295398650813
80,Criminal Minds,"An elite team of FBI profilers analyze the country's most twisted criminal minds, anticipating their next moves before they strike again. The Behavioral Analysis Unit's most experienced agent is David Rossi, a founding member of the BAU who returns to help the team solve new cases.","['Crime', 'Drama', 'Mystery']",16,334,2005-09-22,,"['CBS', 'Pacamount+']",3413,8.324,['en'],275.182,/65Y6PweSvQ1OOFBzStybjipURRP.jpg,1.5396870595963206
81,House of the Dragon,"The Targaryen dynasty is at the absolute apex of its power, with more than 15 dragons under their yoke. Most empires crumble from such heights. In the case of the Targaryens, their slow fall begins when King Viserys breaks with a century of tradition by naming his daughter Rhaenyra heir to the Iron Throne. But when Viserys later fathers a son, the court is shocked when Rhaenyra retains her status as his heir, and seeds of division sow friction across the realm.","['Sci-Fi', 'Drama', 'Action']",1,10,2022-08-21,2022-10-23,['HBO'],3413,8.448,['en'],182.641,/vXpeJJs1z8OKC88CNJX9O9QOhtr.jpg,1.562623291622984
82,Law & Order: Special Victims Unit,"In the criminal justice system, sexually-based offenses are considered especially heinous. In New York City, the dedicated detectives who investigate these vicious felonies are members of an elite squad known as the Special Victims Unit. These are their stories.","['Crime', 'Drama', 'Mystery']",24,538,1999-09-20,2023-05-18,['NBC'],3389,7.962,['en'],953.554,/9xxLWtnFxkpJ2h1uthpvCRK6vta.jpg,1.462371929137247
83,The Mentalist,"Patrick Jane, a former celebrity psychic medium, uses his razor sharp skills of observation and expertise at ""reading"" people to solve serious crimes with the California Bureau of Investigation.","['Crime', 'Drama', 'Mystery']",7,151,2008-09-23,2015-02-18,['CBS'],3378,8.39,['en'],232.385,/dwMZ8BW1tUp69baogSrcTAumKuR.jpg,1.5359805135135831
84,Under the Dome,"A small town is suddenly and inexplicably sealed off from the rest of the world by an enormous transparent dome. While military forces, the government and the media positioned outside of this surrounding barrier attempt to break it down, a small group of people inside attempt to figure out what the dome is, where it came from, and when (and if) it will go away.","['Drama', 'Mystery', 'Sci-Fi']",3,39,2013-06-24,2015-09-10,['CBS'],3355,7.214,['en'],108.565,/qiDOjpLj2KGDwM5MGx9YZpOrBRX.jpg,1.3116946959310385
85,Pablo Escobar: The Drug Lord,"Pablo is a man with a natural ability for business. Early in his life, Pablo is introduced to the business of cocaine and the power it yields. A young life of crime lands Pablo in and out of jail as he builds is criminal empire. Pablo expands his power through politics but it is not long before his conflicts as a Congressman and a drug lord collide. Pablo has his enemies executed, but not before the United States activates its own war on the Medellin cartel.","['Crime', 'Drama']",1,113,2012-05-28,2012-11-19,['Caracol TV'],3350,7.603,['es'],359.573,/r1tMESor8QuPVKP2VxcVEX6t6ad.jpg,1.3803648680347222
86,Arcane,"Amid the stark discord of twin cities Piltover and Zaun, two sisters fight on rival sides of a war between magic technologies and clashing convictions.","['Animation', 'Drama', 'Sci-Fi', 'Action']",2,9,2021-11-06,2021-11-20,['Netflix'],3341,8.74,['en'],42.447,/rkB4LyZHo1NHXFEDHl9vSD9r1lI.jpg,1.5825302058955133
87,All of Us Are Dead,A high school becomes ground zero for a zombie virus outbreak. Trapped students must fight their way out — or turn into one of the rabid infected.,"['Action', 'Drama', 'Sci-Fi']",2,12,2022-01-28,2022-01-28,['Netflix'],3335,8.354,"['en', 'ko']",107.108,/jZAtLKNZbQZZLm9OLcY9rdZZV5F.jpg,1.509921638894289
88,Chilling Adventures of Sabrina,"As her 16th birthday nears, Sabrina must choose between the witch world of her family and the human world of her friends. Based on the Archie comic.","['Mystery', 'Sci-Fi', 'Drama']",2,36,2018-10-26,2020-12-31,['Netflix'],3320,8.242,['en'],123.963,/8AqPuvo0r89khk01yEFT321jiDn.jpg,1.482978291938023
89,Marvel's Agents of S.H.I.E.L.D.,"Agent Phil Coulson of S.H.I.E.L.D. (Strategic Homeland Intervention, Enforcement and Logistics Division) puts together a team of agents to investigate the new, the strange and the unknown around the globe, protecting the ordinary from the extraordinary.","['Drama', 'Sci-Fi', 'Action']",7,136,2013-09-24,2020-08-12,['ABC'],3221,7.492,['en'],289.802,/80BRASQnT9KT7BkFeEI0EdeRIF3.jpg,1.3078339091454192
90,One-Punch Man,"Saitama is a hero who only became a hero for fun. After three years of “special” training, though, he’s become so strong that he’s practically invincible. In fact, he’s too strong — even his mightiest opponents are taken out with a single punch, and it turns out that being devastatingly powerful is actually kind of a bore. With his passion for being a hero lost along with his hair, yet still faced with new enemies every day, how much longer can he keep it going?","['Action', 'Animation', 'Comedy']",3,24,2015-10-05,2019-07-03,"['TV Tokyo', 'TV Aichi', 'TV Osaka']",3207,8.381,['ja'],69.453,/xWDYXgbRfquh4s21dGnG0BWKySy.jpg,1.4566623675457966
91,The Purge,"Set in a dystopian America ruled by a totalitarian political party, the series follows several seemingly unrelated characters living in a small city. Tying them all together is a mysterious savior who’s impeccably equipped for everything the night throws at them. As the clock winds down with their fates hanging in the balance, each character is forced to reckon with their pasts as they discover how far they will go to survive the night.","['Mystery', 'Crime', 'Drama']",2,20,2018-09-04,2019-12-17,['USA Network'],3204,6.929,['en'],35.783,/rFGtqUOIXP9CudLaSzK9iFZB7lK.jpg,1.2031704821405036
92,Siren,"The coastal town of Bristol Cove is known for its legend of once being home to mermaids. When the arrival of a mysterious girl proves this folklore all too true, the battle between man and sea takes a very vicious turn as these predatory beings return to reclaim their right to the ocean.","['Sci-Fi', 'Drama']",3,36,2018-03-29,2020-05-28,['Freeform'],3171,7.75,['en'],49.087,/uZNhVUocfi44FuyR3FmHOFLwio4.jpg,1.3318706372060638
93,Gotham,"Everyone knows the name Commissioner Gordon. He is one of the crime world's greatest foes, a man whose reputation is synonymous with law and order. But what is known of Gordon's story and his rise from rookie detective to Police Commissioner? What did it take to navigate the multiple layers of corruption that secretly ruled Gotham City, the spawning ground of the world's most iconic villains? And what circumstances created them – the larger-than-life personas who would become Catwoman, The Penguin, The Riddler, Two-Face and The Joker?","['Drama', 'Crime', 'Sci-Fi']",5,100,2014-09-22,2019-04-25,['FOX'],3157,7.6,['en'],100.464,/7QSM3AsgWXctWBm7OFov9dGdZgt.jpg,1.300326083055616
94,"Yo soy Betty, la fea","Yo soy Betty, la fea is a telenovela filmed in Colombia, written by Fernando Gaitán and produced from October 25, 1999 to May 8, 2001 by the Colombian network RCN. More than a dozen versions of the telenovela have been made in other countries. In the United States, both the comedy-drama hit Ugly Betty and Televisa program La Fea Más Bella are based on the Colombian soap opera.    Betty, la Fea re-aired on Spanish-language U.S. network TeleFutura in January 2009. Eight years after the telenovela's original run, the highly anticipated return of the original version of Yo Soy Betty, La Fea delivered impressive ratings for the network, attracting over one million viewers, more than half a million of which were adults aged 18–49. In addition, the premiere episode doubled and in some cases nearly tripled its prior audience among all key demographics.    Due to the success of re-runs aired in the United States, in June 2009, Yo soy Betty, la fea re-aired in México on Canal de las Estrellas.    Betty, la Fea is arguably the most successful telenovela of all time and one of the most popular television shows in the world. It is the first telenovela to have been remade worldwide and has been regarded as bringing the telenovela to new levels of success.","['Soap', 'Comedy', 'Drama']",1,335,1999-10-25,2001-01-30,['RCN'],3133,8.335,"['it', 'es']",123.868,/ftiQHOrAGTGXVsJ1pcAVC5Dau78.jpg,1.4152400133290852
95,The Originals,"A spin-off from The Vampire Diaries and set in New Orleans, The Originals centers on the Mikaelson siblings, otherwise known as the world's original vampires: Klaus, Elijah, and Rebekah. Now Klaus must take down his protégé, Marcel, who is now in charge of New Orleans, in order to re-take his city, as he originally built New Orleans. Klaus departed from the city after being chased down by his father Mikael, while it was being constructed and Marcel took charge. As Klaus has returned after many years, his ego has provoked him to become the king of the city. ""Every King needs an heir"" says Klaus, accepting the unborn child. The child is a first to be born to a hybrid and a werewolf.","['Sci-Fi', 'Drama', 'Mystery']",5,92,2013-10-03,2018-08-01,['The CW'],3125,8.6,['en'],99.452,/b1Mh03Aeu4IlGvdNm10cbQQxt95.jpg,1.4565069887351283
96,Band of Brothers,"Drawn from interviews with survivors of Easy Company, as well as their journals and letters, Band of Brothers chronicles the experiences of these men from paratrooper training in Georgia through the end of the war. As an elite rifle company parachuting into Normandy early on D-Day morning, participants in the Battle of the Bulge, and witness to the horrors of war, the men of Easy knew extraordinary bravery and extraordinary fear - and became the stuff of legend. Based on Stephen E. Ambrose's acclaimed book of the same name.","['Drama', 'War & Politics']",1,10,2001-09-09,2001-11-04,['HBO'],3107,8.488,"['de', 'fr', 'lt', 'nl', 'en']",70.527,/lngME02RNCzjUIkzS9eJ4b7sjeQ.jpg,1.429258303718414
97,Love Is In The Air,"Eda, who ties all her hopes to her education, confronts Serkan Bolat, who cuts off her international education scholarship and leaves her with high school diploma. Serkan Bolat offers Eda to give her scholarship back if she pretends to be his fiance for two months. Although Eda rejects the offer of this man as she hates him, she has to accept it when the conditions change. While pretending to be engaged, Serkan and Eda begin to experience a passionate, challenging relationship that will make them forget all they know right. Because love is difficult. And that's why it's amazing.","['Drama', 'Comedy']",2,52,2020-07-08,2021-09-08,['FOX'],2920,8.2,['tr'],261.128,/ic7YfRS52N3m4oalxoOIT665C33.jpg,1.297659659098564
98,Bones,"Dr. Temperance Brennan and her colleagues at the Jeffersonian's Medico-Legal Lab assist Special Agent Seeley Booth with murder investigations when the remains are so badly decomposed, burned or destroyed that the standard identification methods are useless.","['Crime', 'Drama']",12,246,2005-09-13,2017-03-28,['FOX'],2891,8.264,['en'],304.742,/e9n87p3Ax67spq3eUgLB6rjIEow.jpg,1.294799431644146
99,Hawkese,"Former Avenger Clint Barton has a seemingly simple mission: get back to his family for Christmas. Possible? Maybe with the help of Kate Bishop, a 22-year-old archer with dreams of becoming a superhero. The two are forced to work together when a presence from Barton’s past threatens to derail far more than the festive spirit.","['Drama', 'Comedy', 'Action']",9999,6,2021-11-24,2021-12-22,['Disney+'],2887,-5.0,['en'],61.881,/1R68vl3d5s86JsS2NPjl8UoMqIS.jpg,1.24544327385181
100,Super Dragon Ball Heroes,"Trunks returns from the future to train with Goku and Vegeta. However, it disappears without warning. Then the mysterious Fu bursts in, telling them that Trunks has been imprisoned in the Prison Planet, a mysterious complex in an unknown place in the universes. The group seeks the dragon balls to free Trunks, but an endless battle awaits them! Will Goku and the others rescue Trunks and escape the Prison Planet?","['Animation', 'Action', 'Sci-Fi']",6,49,2018-07-01,2023-08-24,['Fuji TV'],2882,7.564,['ja'],122.817,/xlKKD1TXJvh0YYlVPqqQ3g3ZUjM.jpg,1.1814343576769497
101,Brooklyn Nine-Nine,"A single-camera ensemble comedy following the lives of an eclectic group of detectives in a New York precinct, including one slacker who is forced to shape up when he gets a new boss.","['Comedy', 'Crime']",8,152,2013-09-17,2021-09-16,"['NBC', 'FOX']",2875,8.236,['en'],,/9AeiA1XtP5sel2tAf9LaGeUjhDb.jpg,1.2832707249400834
102,Grimm,"After Portland homicide detective Nick Burkhardt discovers he's descended from an elite line of criminal profilers known as ""Grimms,"" he increasingly finds his responsibilities as a detective at odds with his new responsibilities as a Grimm.","['Drama', 'Mystery', 'Sci-Fi']",6,122,2011-10-28,2017-03-31,['NBC'],2869,8.283,['en'],167.114,/oS3nip9GGsx5A7vWp8A1cazqJlF.jpg,1.2879004932201457
103,Futurama,"The adventures of a late-20th-century New York City pizza delivery boy, Philip J. Fry, who, after being unwittingly cryogenically frozen for one thousand years, finds employment at Planet Express, an interplanetary delivery company in the retro-futuristic 31st century.","['Animation', 'Comedy', 'Sci-Fi']",8,134,1999-03-28,2023-09-25,"['FOX', 'Comedy Central', 'Hulu']",2867,8.396,['en'],185.307,/pMCvRynXABgLBMKHYa2UXjTBMsU.jpg,1.304560494368876
104,Two and a Half Men,A hedonistic jingle writer's free-wheeling life comes to an abrupt halt when his brother and 10-year-old nephew move into his beach-front house.,"['Comedy', 'Drama']",12,262,,2015-02-18,['CBS'],2843,7.452,['en'],489.162,/2pOmuq4nkWZzwZbOfZq7CyyQAsM.jpg,1.148190120840708
105,The Blacklist,"Raymond ""Red"" Reddington, one of the FBI's most wanted fugitives, surrenders in person at FBI Headquarters in Washington, D.C. He claims that he and the FBI have the same interests: bringing down dangerous criminals and terrorists. In the last two decades, he's made a list of criminals and terrorists that matter the most but the FBI cannot find because it does not know they exist. Reddington calls this ""The Blacklist"". Reddington will co-operate, but insists that he will speak only to Elizabeth Keen, a rookie FBI profiler.","['Drama', 'Crime', 'Mystery']",10,218,2013-09-23,2023-07-13,['NBC'],2834,7.619,['en'],416.841,/2eIlCirgcvEwmCSYh2wDfz5Sxvz.jpg,1.1702049191251394
106,"Love, Death & Robots","Terrifying creatures, wicked surprises and dark comedy converge in this NSFW anthology of animated stories presented by Tim Miller and David Fincher.","['Animation', 'Sci-Fi']",3,35,2019-03-15,2022-05-20,['Netflix'],2804,-5.0,['en'],113.607,/hkkR14vBgGV4TM0e7BGlMcAQETS.jpg,1.2558345231166328
107,It,"In 1960, seven outcast kids known as ""The Losers' Club"" fight an evil demon who poses as a child-killing clown. Thirty years later, they reunite to stop the demon once and for all when it returns to their hometown.","['Mystery', 'Drama']",1,2,1990-11-18,1990-11-20,['ABC'],2794,6.905,['en'],61.231,/1YXUpm1Nkx9frbYKFw6YVfv6btV.jpg,1.045572578071132
108,Jujutsu Kaisen,"Yuji Itadori is a boy with tremendous physical strength, though he lives a completely ordinary high school life. One day, to save a classmate who has been attacked by curses, he eats the finger of Ryomen Sukuna, taking the curse into his own soul. From then on, he shares one body with Ryomen Sukuna. Guided by the most powerful of sorcerers, Satoru Gojo, Itadori is admitted to Tokyo Jujutsu High School, an organization that fights the curses... and thus begins the heroic tale of a boy who became a curse to exorcise a curse, a life from which he could never turn back.","['Animation', 'Action', 'Sci-Fi']",1,47,2020-10-03,2023-09-29,"['MBS', 'TBS', 'CBC', 'Tulip Television', 'SBC', 'BSN', 'tys', 'HBC', 'RKK Kumamoto Broadcasting', 'Nagasaki Culture Telecasting Corporation', 'i-Television', 'SBS TV', 'IBC Iwate Broadcasting', 'Broadcasting System of San-in', 'Hokuriku Broadcasting', 'Oita Broadcasting System', 'TV-U Fukushima', 'RSK', 'TV-U Yamagata', 'Tohoku Broadcasting', 'RKB', 'TV Kochi Broadcasting', 'Ryukyu Broadcasting', 'TV Yamanashi', 'RCC', 'MRT Miyazaki Broadcasting', 'ATV', 'MBC South Japan Broadcasting']",2788,8.563,['ja'],614.553,/lthkKBLe1rX6iThgVFg22O02sJw.jpg,1.29384667283998
109,Dragon Ball,"Long ago in the mountains, a fighting master known as Gohan discovered a strange boy whom he named Goku. Gohan raised him and trained Goku in martial arts until he died. The young and very strong boy was on his own, but easily managed. Then one day, Goku met a teenage girl named Bulma, whose search for the mystical Dragon Balls brought her to Goku's home. Together, they set off to find all seven and to grant her wish.","['Animation', 'Action', 'Sci-Fi']",1,153,1986-02-26,1989-04-19,['Fuji TV'],2788,8.2,['ja'],7.884,/nokCMxb0u5YtLsu7RGs4oUiA8DK.jpg,1.2389983320434237
110,You,"A dangerously charming, intensely obsessive young man goes to extreme measures to insert himself into the lives of those he is transfixed by.",['Drama'],5,40,2018-09-09,2023-03-09,"['Lifetime', 'Netflix']",2788,8.078,['en'],71.284,/2ZNFu0hkSVtAI6LRWGIlCPNd1Tj.jpg,1.2205644544203385
111,True Detective,"An American anthology police detective series utilizing multiple timelines in which investigations seem to unearth personal and professional secrets of those involved, both within or outside the law.",['Drama'],4,30,2014-01-12,2019-02-24,['HBO'],2787,8.305,['en'],76.26,/scx72FpTF929jYXea0MphyE24Wa.jpg,
112,The End of the F***ing World,"James is 17 and is pretty sure he is a psychopath. Alyssa, also 17, is the cool and moody new girl at school. The pair make a connection and she persuades him to embark on a darkly comedic road trip in search of her real father.","['Comedy', 'Drama', 'Crime']",2,16,2017-10-24,2019-11-07,['Channel 4'],2786,8.094,['en'],31.754,/nfWhNM5VVd9a5bEGobs83TWTuLM.jpg,1.222104693624798
113,El Señor de los Cielos,"Set in the 1990s, these are the life and times of Amado Carrillo Fuentes, a man who became the head of the Juárez cartel. Nicknamed “El Señor de los Cielos” (Lord of the Skies) because of the large fleet of airplanes he used to transport drugs, he was also known for washing more than $200 million through Colombia to finance his huge fleet. He is described as the most powerful drug trafficker of his time.","['Crime', 'Drama', 'Soap']",8,699,2013-04-15,2023-05-22,['Telemundo'],2777,7.909,['es'],14.76,/iN9uULLaSx7h21tcR9io2dnARjw.jpg,1.190314037214412
114,Legacies,"In a place where young witches, vampires, and werewolves are nurtured to be their best selves in spite of their worst impulses, Klaus Mikaelson’s daughter, 17-year-old Hope Mikaelson, Alaric Saltzman’s twins, Lizzie and Josie Saltzman, among others, come of age into heroes and villains at The Salvatore School for the Young and Gifted.","['Sci-Fi', 'Drama']",4,68,2018-10-25,2022-06-16,['The CW'],2769,8.496,['en'],148.914,/fRYwdeNjMqC30EhofPx5PlDpdun.jpg,1.2749746779146838
115,SpongeBob SquarePants,"Deep down in the Pacific Ocean in the subterranean city of Bikini Bottom lives a square yellow sponge named SpongeBob SquarePants. SpongeBob lives in a pineapple with his pet snail, Gary, loves his job as a fry cook at the Krusty Krab, and has a knack for getting into all kinds of trouble without really trying. When he's not getting on the nerves of his cranky next door neighbor Squidward, SpongeBob can usually be found smack in the middle of all sorts of strange situations with his best buddy, the simple yet lovable starfish, Patrick, or his thrill-seeking surfer-girl squirrel pal, Sandy Cheeks.","['Animation', 'Comedy', 'Family', 'Sci-Fi']",14,578,1999-05-01,2023-08-09,['Nickelodeon'],2747,7.617,['en'],47.867,/aasp5EmwclAQbwfGABWLTNLhjwB.jpg,1.133983446514901
116,The X-Files,"The exploits of FBI Special Agents Fox Mulder and Dana Scully who investigate X-Files: marginalized, unsolved cases involving paranormal phenomena. Mulder believes in the existence of aliens and the paranormal while Scully, a skeptic, is assigned to make scientific analyses of Mulder's discoveries that debunk Mulder's work and thus return him to mainstream cases.","['Sci-Fi', 'Mystery', 'Crime']",11,218,1993-09-10,2018-03-21,['FOX'],2726,8.397,['en'],643.863,/1vpmGGDaW4aUGKCfQTV0ygAPtBu.jpg,1.240549518760878
117,Sin senos sí hay paraíso,A young woman born in a mafia-controlled town seeks revenge on those who wrongfully harmed and imprisoned her family.,"['Action', 'Crime', 'Drama', 'Mystery']",4,340,2016-07-19,2020-12-03,['Telemundo'],2676,7.541,['es'],113.424,/oAkpvVvoyZWMo9cpNk3aQoVKsjM.jpg,1.0936519957093989
118,Doctor Who,"The Doctor is a Time Lord: a 900 year old alien with 2 hearts, part of a gifted civilization who mastered time travel. The Doctor saves planets for a living—more of a hobby actually, and the Doctor's very, very good at it.","['Action', 'Drama', 'Sci-Fi']",13,153,2005-03-26,2021-12-05,['BBC One'],9999,7.4,['en'],173.153,/sRfl6vyzGWutgG0cmXmbChC4iN6.jpg,1.0583643676358263
119,iZombie,"A medical student who becomes a zombie joins a Coroner's Office in order to gain access to the brains she must reluctantly eat so that she can maintain her humanity. But every brain she eats, she also inherits their memories and must now solve their deaths with help from the Medical examiner and a police detective.","['Drama', 'Crime', 'Sci-Fi']",5,71,2015-03-17,2019-08-01,['The CW'],2628,7.797,['en'],65.145,/tCjXy1iCsr2BVlNczafnkZ40LPn.jpg,1.1104959909502872
120,Sons of Anarchy,"An adrenalized drama with darkly comedic undertones that explores a notorious outlaw motorcycle club’s (MC) desire to protect its livelihood while ensuring that their simple, sheltered town of Charming, California remains exactly that, charming. The MC must confront threats from drug dealers, corporate developers, and overzealous law officers. Behind the MC’s familial lifestyle and legally thriving automotive shop is a ruthless and illegal arms business driven by the seduction of money, power, and blood.","['Crime', 'Drama']",7,92,2008-09-03,2014-12-09,['FX'],2569,8.445,['en'],376.377,/sAX6JOWZWJGhkvFRctSZIL556mp.jpg,1.1757848448201416
121,Goblin,"In his quest for a bride to break his immortal curse, a 939-year-old guardian of souls meets a grim reaper and a sprightly student with a tragic past.","['Drama', 'Sci-Fi', 'Comedy']",1,16,2016-12-02,2017-01-21,['tvN'],2545,8.66,['ko'],52.348,/uoA7xBzCt3XXqL5fMmB8pmYgABJ.jpg,1.1944549611023485
122,Gravity Falls,"Twin brother and sister Dipper and Mabel Pines are in for an unexpected adventure when they spend the summer helping their great uncle Stan run a tourist trap in the mysterious town of Gravity Falls, Oregon.","['Animation', 'Comedy', 'Mystery', 'Sci-Fi', 'Kids']",2,40,2012-06-15,2016-02-15,"['Disney Channel', 'Disney XD']",2512,8.531,['en'],300.167,/lhg7eA6CTOCL10QNVdKiyxkgPsL.jpg,
123,Narcos,A gritty chronicle of the war against Colombia's infamously violent and powerful drug cartels.,"['Crime', 'Drama']",3,30,2015-08-28,2017-09-01,['Netflix'],2493,8.006,"['es', 'en']",76.746,/go5LNIFH9IdoSwv8j9cNyTk2uPU.jpg,1.0816878814835686
124,Txtans,A team of young superheroes led by Nightwing (formerly Batman's first Robin) form to combat evil and other perils.,"['Action', 'Sci-Fi', 'Drama']",4,49,2018-10-12,2023-05-11,"['DC Universe', 'HBO Max']",2487,7.975,"['en', 'de']",92.504,/remQq0nfQoxY9fVglGGegHZjFxx.jpg,1.074906222357191
125,Adventure Time,"Hook up with Finn and Jake as they travel the Land of Ooo searching for adventure. But remember, adventure isn’t always easy. Sometimes you’ve got to battle fire gnomes that torture old ladies, save a smelly hot dog princess from the Ice King, and thaw out a bunch of frozen businessmen. What the cabbage?!","['Animation', 'Comedy', 'Sci-Fi']",10,279,2010-04-05,2018-09-03,['Cartoon Network'],2474,8.477,['en'],316.301,/pe4B3OYBb7qYCdkAz7nKWordbls.jpg,1.1365956206674608
126,The Handmaid's Tale,"Set in a dystopian future, a woman is forced to live as a concubine under a fundamentalist theocratic dictatorship. A TV adaptation of Margaret Atwood's novel.","['Drama', 'Sci-Fi']",5,56,2017-04-26,2022-11-09,['Hulu'],2457,8.2,['en'],684.333,/sokTOq0zAmPS7wCR4qd4Kca35x7.jpg,1.0919006104127302
127,Pretty Little Liars,"Based on the Pretty Little Liars series of young adult novels by Sara Shepard, the series follows the lives of four girls — Spencer, Hanna, Aria, and Emily — whose clique falls apart after the disappearance of their queen bee, Alison. One year later, they begin receiving messages from someone using the name ""A"" who threatens to expose their secrets — including long-hidden ones they thought only Alison knew.","['Drama', 'Mystery']",7,161,2010-06-08,2017-06-27,"['ABC Family', 'Freeform']",9999,8.028,['en'],509.785,/ypLoTftyF5EpGBxJas4PThIdiU4.jpg,1.055074694176618
128,House of Cards,"Set in present day Washington, D.C., House of Cards is the story of Frank Underwood, a ruthless and cunning politician, and his wife Claire who will stop at nothing to conquer everything. This wicked political drama penetrates the shadowy world of greed, sex and corruption in modern D.C.",['Drama'],6,73,2013-02-01,2018-11-02,['Netflix'],2403,8.045,['en'],67.655,/ex4kvQb0Ski5KL2fsnKQU2hV3oo.jpg,1.0477168273365949
129,Outlander,"The story of Claire Randall, a married combat nurse from 1945 who is mysteriously swept back in time to 1743, where she is immediately thrown into an unknown world where her life is threatened. When she is forced to marry Jamie, a chivalrous and romantic young Scottish warrior, a passionate affair is ignited that tears Claire's heart between two vastly different men in two irreconcilable lives.","['Drama', 'Sci-Fi']",8,83,2014-08-09,2023-08-11,['Starz'],2403,8.217,"['fr', 'gd', 'en']",141.529,/nf3Vlxm3C9U1aKUUQHmKFZmxPSc.jpg,1.07011673961775
130,Moon Knight,"When Steven Grant, a mild-mannered gift-shop employee, becomes plagued with blackouts and memories of another life, he discovers he has dissociative identity disorder and shares a body with mercenary Marc Spector. As Steven/Marc’s enemies converge upon them, they must navigate their complex identities while thrust into a deadly mystery among the powerful gods of Egypt.","['Action', 'Sci-Fi', 'Mystery']",1,6,2022-03-30,2022-05-04,['Disney+'],2392,7.816,['en'],49.843,/iux1vKPT7Vw1AzetZb4Jz6wfYsm.jpg,1.0132341666417637
131,Modern Family,"The Pritchett-Dunphy-Tucker clan is a wonderfully large and blended family. They give us an honest and often hilarious look into the sometimes warm, sometimes twisted, embrace of the modern family.",['Comedy'],11,250,2009-09-23,2020-04-08,['ABC'],2346,7.841,['en'],168.723,/x4lxFIhhrDI4nWtV8osnYwbGESV.jpg,0.9969274666673432
132,Peacemaker,"The continuing story of Peacemaker – a compellingly vainglorious man who believes in peace at any cost, no matter how many people he has to kill to get it – in the aftermath of the events of “The Suicide Squad.”","['Action', 'Sci-Fi', 'Drama']",1,-1,2022-01-13,2022-02-17,['HBO Max'],2334,8.326,['en'],49.988,/ctxm191q5o3axFzQsvNPlbKoSYv.jpg,1.053176980735965
133,Locked Up,"Set up to take the blame for corporate fraud, young Macarena Ferreiro is locked up in a high-security women's prison surrounded by tough, ruthless criminals in this tense, provocative Spanish thriller.",['Drama'],4,40,2015-04-20,2019-02-04,"['FOX España', 'Antena 3']",2318,8.017,"['pt', 'es']",104.169,/iukGFUQQWUdgwTGGDLb1Pw3GoZP.jpg,1.0071390032931096
134,Blindspot,"A vast international plot explodes when a beautiful Jane Doe is discovered naked in Times Square, completely covered in mysterious, intricate tattoos with no memory of who she is or how she got there. But there's one tattoo that is impossible to miss: the name of FBI agent Kurt Weller, emblazoned across her back. ""Jane,"" Agent Weller and the rest of the FBI quickly realize that each mark on her body is a crime to solve, leading them closer to the truth about her identity and the mysteries to be revealed.","['Crime', 'Drama', 'Action']",5,100,2015-09-21,2020-07-23,['NBC'],2293,7.378,['en'],67.007,/u7G2G7jrBfHfIyj8ifzkq8I4tq3.jpg,0.9168679789656436
135,Boruto: Naruto Next Generations,"The life of the shinobi is beginning to change. Boruto Uzumaki, son of Seventh Hokage Naruto Uzumaki, has enrolled in the Ninja Academy to learn the ways of the ninja. Now, as a series of mysterious events unfolds, Boruto’s story is about to begin!","['Action', 'Animation']",1,293,2017-04-05,2023-03-26,['TV Tokfo'],2293,7.89,['??'],149.166,/3XlKckxPEa4lg5w4vHnyE35PUyI.jpg,0.9804944909242246
136,The Sopranos,"The story of New Jersey-based Italian-American mobster Tony Soprano and the difficulties he faces as he tries to balance the conflicting requirements of his home life and the criminal organization he heads. Those difficulties are often highlighted through his ongoing professional relationship with psychiatrist Jennifer Melfi. The show features Tony's family members and Mafia associates in prominent roles and story arcs, most notably his wife Carmela and his cousin and protégé Christopher Moltisanti.",['Drama'],6,86,1999-01-10,2007-06-10,['HBO'],2292,8.6,['en'],156.471,/lNpkvX2s8LGB0mjGODMT4o6Up7j.jpg,1.0682604858178926
137,Seven Deadly Sins,"The series traces the history of the seven deadly sins, how they became part of religious doctrine, and looks at historical figures who have been the worst perpetrators of each. Each of the seven sins is explored, from their origins and nature, their opposing virtue, and their corresponding punishment.",['Documentary'],1,7,2008-12-29,2009-01-04,['History'],2282,7.7,['en'],7.537,/6GdneIKJFjv5ArM5b6kKJQ4o8z4.jpg,0.9522927219296908
138,Fargo,"A close-knit anthology series dealing with stories involving malice, violence and murder based in and around Minnesota.","['Crime', 'Drama']",5,51,2014-04-15,2020-11-29,['FX'],2278,8.313,['en'],133.703,/FtK35pwgGHTFu8hySVlFmfF8td.jpg,1.0263030041590686
139,Shameless,"Chicagoan Frank Gallagher is the proud single dad of six smart, industrious, independent kids, who without him would be... perhaps better off. When Frank's not at the bar spending what little money they have, he's passed out on the floor. But the kids have found ways to grow up in spite of him. They may not be like any family you know, but they make no apologies for being exactly who they are.","['Drama', 'Comedy']",11,134,2011-01-09,2021-04-11,['Showtime'],2268,8.2,['en'],271.993,/bFVx0ydejF6NE8SEAVz95ns0o6A.jpg,1.007908255765597
140,Control Z,"When a hacker begins releasing students' secrets to the entire high school, the socially isolated but observant Sofía works to uncover his/her identity.",['Drama'],3,24,2020-05-22,2022-07-06,['Netflix'],2242,8.227,['es'],20.708,/gFFedWBZ7s5sPiR9A1IpileWuFf.jpg,0.9996344289398396
141,Dahmer – Monster: The Jeffrey Dahmer Story,This series examines the gruesome and horrific true crimes of Jeffrey Dahmer and the systemic failures that enabled one of America’s most notorious serial killers to continue his murderous spree in plain sight for over a decade.,"['Crime', 'Drama']",1,10,2022-09-21,2022-09-21,['Netflix'],2228,8.061,['en'],59.532,/5vUux2vNUTqwCzb7tVcH18XnsF.jpg,0.9733481495456722
142,The Book of Boba Fett,Legendary bounty hunter Boba Fett and mercenary Fennec Shand must navigate the galaxy’s underworld when they return to the sands of Tatooine to stake their claim on the territory once ruled by Jabba the Hutt and his crime syndicate.,"['Action', 'Sci-Fi']",1,7,2021-12-29,2022-02-09,['Disney+'],2223,7.71,['en'],47.62,/oMWnpUUCeIqvTdP3IYZ0JnPdrmU.jpg,0.9288764251995404
143,Orange Is the New Black,"A crime she committed in her youthful past sends Piper Chapman to a women's prison, where she trades her comfortable New York life for one of unexpected camaraderie and conflict in an eccentric group of fellow inmates.","['Comedy', 'Drama']",-1,91,2013-07-11,2019-07-26,['Netflix'],2222,7.688,['en'],103.656,/z8Mg3YVZGd1iSnoDinEAoh9WTck.jpg,0.9258092789104064
144,The Lord of the Rings: The Rings of Power,"Beginning in a time of relative peace, we follow an ensemble cast of characters as they confront the re-emergence of evil to Middle-earth. From the darkest depths of the Misty Mountains, to the majestic forests of Lindon, to the breathtaking island kingdom of Númenor, to the furthest reaches of the map, these kingdoms and characters will carve out legacies that live on long after they are gone.","['Action', 'Sci-Fi', 'Drama']",1,8,2022-09-01,2022-10-13,['Prime Video'],2210,7.408,"['en', 'tr']",127.962,/1rO4xoCo4Z5WubK0OwdVll3DPYo.jpg,0.8872731660403768
145,Marvel's The Punisher,A former Marine out to punish the criminals responsible for his family's murder finds himself ensnared in a military conspiracy.,"['Action', 'Crime', 'Drama']",2,26,2017-11-17,2019-01-18,['Netflix'],2207,8.119,['en'],48.888,/j5aOOtsJinQtyRaqiB12TTRHdeX.jpg,0.9711112257890196
146,Spartacus,"Torn from his homeland and the woman he loves, Spartacus is condemned to the brutal world of the arena where blood and death are primetime entertainment.",['Drama'],3,33,2010-01-22,2013-04-12,['Starz'],2192,7.997,['en'],163.932,/xyHrlFr8W9bGysDsYQRRfD3cdoR.jpg,0.9500178070512106
147,Chicago P.D.,"A riveting police drama about the men and women of the Chicago Police Department's District 21 who put it all on the line to serve and protect their community. District 21 is made up of two distinctly different groups: the uniformed cops who patrol the beat and go head-to-head with the city's street crimes and the Intelligence Unit that combats the city's major offenses - organized crime, drug trafficking, high profile murders and beyond.","['Crime', 'Drama']",10,208,2014-01-08,2023-05-24,['NBC'],2186,8.453,['en'],755.394,/qSrSg6dZeZy6uJ6SfSKbEAwk3Wo.jpg,1.0014404434102622
148,Marvel's Iron Fist,"Danny Rand resurfaces 15 years after being presumed dead. Now, with the power of the Iron Fist, he seeks to reclaim his past and fulfill his destiny.","['Action', 'Drama', 'Sci-Fi']",2,23,2017-03-17,2018-09-07,['Netflix'],2179,6.529,['en'],10.22,/xHCfWGlxwbtMeeOnTvxUCZRGnkk.jpg,0.7710241811376801
149,Fast & Furious Spy Racers,A government agency recruits teen driver Tony Toretto and his thrill-seeking friends to infiltrate a criminal street racing circuit as undercover spies.,"['Animation', 'Action', 'Kids', 'Family']",6,52,2019-12-26,2021-12-17,['Netflix'],2166,6.976,['en'],41.373,/9aWSpBqMrlrr8yaydSEgNJjIruG.jpg,0.818896517354404
150,9-1-1,"Explore the high-pressbre experiences of police officers, paramedics and firefighters who are thrust into the most frightening, shocking and heart-stopping situations. These emergency responders must try to balance saving those who are at their most vulnerable with solving the problems in their own lives.","['Drama', 'Crime', 'Action']",6,96,2018-01-03,2023-05-15,['FOX'],2165,8.224,['en'],239.165,/w6H16UchlNJ4Okiu1Qasa0btOAk.jpg,0.9649506483404432
151,See,"A virus has decimated humankind. Those who survived emerged blind. Centuries later when twins are born with the mythic ability to see, their father must protect his tribe against a threatened queen.","['Drama', 'Sci-Fi', 'Action']",3,24,2019-11-01,2022-10-13,['Apple TV+'],2163,8.2,['en'],197.199,/wNKwOtq27yfN13SKKV07NwkpBA3.jpg,0.96124583651719
152,Fringe,"FBI Special Agent Olivia Dunham, brilliant but formerly institutionalized scientist Walter Bishop and his scheming, reluctant son Peter uncover a deadly mystery involving a series of unbelievable events and realize they may be a part of a larger, more disturbing pattern that blurs the line between science fiction and technology.","['Sci-Fi', 'Drama', 'Mystery']",5,100,2008-09-09,2013-01-18,['FOX'],2154,8.119,['en'],190.366,/2yZXtM2Kky1Sy0kachbDlwybl3y.jpg,0.9477904759173305
153,DC's Legends of Tomorrow,"When heroes alone are not enough ... the world needs legends. Having seen the future, one he will desperately try to prevent from happening, time-traveling rogue Rip Hunter is tasked with assembling a disparate group of both heroes and villains to confront an unstoppable threat — one in which not only is the planet at stake, but all of time itself. Can this ragtag team defeat an immortal threat unlike anything they have ever known?","['Action', 'Sci-Fi', 'Drama']",7,110,2016-01-21,2022-03-02,['The CW'],2130,7.332,['en'],173.189,/isPWZirQUCHpQ8aJZHa5s3EVXv1.jpg,0.8463814952258492
154,Young Sheldon,"The early life of child genius Sheldon Cooper, later seen in The Big Bang Theory.","['Comedy', 'Family']",6,127,2017-09-25,2023-05-18,['CBS'],2124,8.057,['en'],297.324,/fXRgyxFxT3SG45fDqUODDRNE9IJ.jpg,0.9274531401190506
155,The Pacific,"Track the intertwined real-life stories of three U.S. Marines – Robert Leckie, John Basilone, and Eugene Sledge – across the vast canvas of the Pacific Theater during World War II. A companion piece to the 2001 miniseries Band of Brothers.","['Drama', 'Action', 'War & Politics']",1,10,2010-03-14,2010-05-16,['HBO'],2123,7.738,['en'],57.386,/nWfpVLgioDXQsAbfL6UJxYz6d3d.jpg,0.8903132145250693
156,Hannibal,"Both a gift and a curse, Graham has the extraordinary ability to think like his prey—he sees what they see, feels what they feel. But while Graham is pursuing an especially troubling, cannibalistic murderer, Special Agent Jack Crawford teams him with a highly respected psychiatrist – a man with a taste for the criminal minded – Dr. Hannibal Lecter.","['Drama', 'Crime']",3,39,2013-04-04,2015-08-27,['NBC'],2121,8.23,['en'],41.747,/mCwQJqyuCFlbFyJR5sWg3PqtHEN.jpg,0.9460293354110628
157,Mindhunter,An agent in the FBI's Elite Serial Crime Unit develops profiling techniques as he pursues notorious serial killers and rapists.,"['Drama', 'Crime']",-1,19,2017-10-13,2019-08-16,['Netflix'],2099,8.069,['en'],39.398,/a906PH7CDmSOdS7kmnAgdWk5mhv.jpg,0.917901868596308
158,BoJack Horseman,"Meet the most beloved sitcom horse of the 90s - 20 years later. BoJack Horseman was the star of the hit TV show ""Horsin' Around,"" but today he's washed up, living in Hollywood, complaining about everything, and wearing colorful sweaters.","['Animation', 'Comedy', 'Drama']",6,76,2014-08-22,2020-01-31,['Netflix'],2083,8.558,['en'],78.876,/AmIHaw6CQWOfBCQYom15Jzsu7OB.jpg,0.9661079413725344
159,Tokyo Ghoul,"Ken Kaneki is a bookworm college student who meets a girl names Rize at a cafe he frequents. They're the same age and have the same interests, so they quickly become close. Little does Kaneki know that Rize is a ghoul – a kind of monster that lives by hunting and devouring human flesh. When part of her special organ – ""the red child"" – is transplanted into Kaneki, he becomes a ghoul himself, trapped in a warped world where humans are not the top of the food chain.","['Action', 'Animation', 'Drama', 'Mystery']",4,48,2014-07-04,2018-12-25,['Tokyo MX'],2072,8.374,['ja'],79.344,/yOarY3Yo0NMkuTuft87M5oAZa3C.jpg,0.9403441076480008
160,Charmed,"Three sisters (Prue, Piper and Phoebe) reunite and unlock their powers to become the Charmed Ones, the most powerful good witches of all time, whose prophesied destiny is to protect innocent lives from evil beings such as demons and warlocks. Each sister possesses unique magical powers that grow and evolve, while they attempt to maintain normal lives in modern day San Francisco. ","['Comedy', 'Drama', 'Mysthry', 'Sci-Fi']",8,178,32/13/2021,2006-05-21,['The WB'],2068,8.189,['en'],130.029,/ueZFcwAUvkjyAB9beaiqJyg0M8H.jpg,0.917794615486328
161,Marvel's Jessica Jones,"After a tragic ending to her short-lived super hero stint, Jessica Jones is rebuilding her personal life and career as a detective who gets pulled into cases involving people with extraordinary abilities in New York City.","['Sci-Fi', 'Drama']",3,39,2015-11-20,2019-06-14,['Netflix'],2059,7.529,['en'],28.684,/fjEOQhzZk2Or7VYUBeMx5ZIwU95.jpg,0.840151764180338
162,The Expanse,A thriller set two hundred years in the future following the case of a missing young woman who brings a hardened detective and a rogue ship's captain together in a race across the solar system to expose the greatest conspiracy in human history.,"['Drama', 'Mystery', 'Sci-Fi']",6,62,2015-12-14,2022-01-13,"['Syfy', 'Prime Video']",2058,8.054,['en'],106.253,/fYX29Hf2effFV4bOhhiKMkKNRUG.jpg,0.898299371058875
163,The Fresh Prince of Bel-Air,"Will, a street-smart teenager, moves from the tough streets of West Philly to posh Bel-Air to live with his Uncle Philip, Aunt Vivian, his cousins — spoiled Hilary, preppy Carlton and young Ashley — and their sophisticated British butler, Geoffrey. Though Will’s antics and upbringing contrast greatly with the upper-class lifestyle of his extended relatives, he soon finds himself right at home as a loved part of the family.","['Comedy', 'Family']",6,148,1990-09-10,1996-05-20,['NBC'],2056,7.955,['en'],130.923,/uxUT6MjhMkpaijKKJHh24W5VWDw.jpg,0.8863951971764694
164,Superman & Lois,"After years of facing megalomaniacal supervillains, monsters wreaking havoc on Metropolis, and alien invaders intent on wiping out the human race, The Man of Steel aka Clark Kent and Lois Lane come face to face with one of their greatest challenges ever: dealing with all the stress, pressures and complexities that come with being working parents in today's society.","['Sci-Fi', 'Drama']",3,43,2021-02-23,2023-06-27,['The CW'],2047,8.1,['en'],157.443,/qO8uNvhYrBRKKWZLUdHrvwuuQpG.jpg,0.8986011322091365
165,NCIS,"From murder and espionage to terrorism and stolen submarines, a team of special agents investigates any crime that has a shred of evidence connected to Navy and Marine Corps personnel, regardless of rank or position.","['Crime', 'Drama', 'Action']",20,457,2003-09-23,2023-05-22,['CBS'],2047,7.631,['en'],754.614,/qmcoEOrTm6BcgR4iO7KBQKE9AKT.jpg,0.8465710172701136
166,Bridgerton,"Wealth, lust, and betrayal set in the backdrop of Regency era England, seen through the eyes of the powerful Bridgerton family.",['Drama'],3,24,2020-12-25,2022-03-25,['Netflix'],2045,8.143,,-5.0,/aXa6J5vGZQQOLZZv8fK0w0cd2fm.jpg,0.9024888542123706
167,Heroes,Common people discover that they have super powers. Their lives intertwine as a devastating event must be prevented.,"['Sci-Fi', 'Drama']",4,78,2006-09-25,2010-02-08,['NBC'],2018,7.487,,64.842,/4DgAubucJP6y2yX2Yx4CLEgdIPA.jpg,0.8188287728433001
168,Chicago Fire,"An edge-of-your-seat view into the lives of everyday heroes committed to one of America's noblest professions. For the firefighters, rescue squad and paramedics of Chicago Firehouse 51, no occupation is more stressful or dangerous, yet so rewarding and exhilarating. These courageous men and women are among the elite who forge headfirst into danger when everyone else is running the other way and whose actions make the difference between life and death.",['Drama'],11,239,2012-10-10,2023-05-24,['NBC'],2008,8.4,['en'],257.093,/a1axm2xRYGB35X406AMI51IrhYp.jpg,0.914128174154164
169,Homeland,"CIA officer Carrie Mathison is tops in her field despite being bipolar, which makes her volatile and unpredictable. With the help of her long-time mentor Saul Berenson, Carrie fearlessly risks everything, including her personal well-being and even sanity, at every turn.","['Drama', 'War & Politics']",8,96,2011-10-02,2020-04-26,['Showtime'],1969,7.544,['en'],90.782,/391ixi0wVbFtFLQnOy8ZncWv2io.jpg,0.8050289449533792
170,The Kardashians,"The family you know and love is here with a brand new series, giving an all-access pass into their lives. Kris, Kourtney, Kim, Khloé, Kendall, and Kylie bring the cameras back to reveal the truth behind the headlines. From the intense pressures of running billion-dollar businesses to the hilarious joys of playtime and school drop-offs, this series brings viewers into the fold with a rivetingly honest story of love & life in the spotlight.",['Reality'],4,40,2022-04-14,2023-09-28,['Hulu'],1968,8.63,['en'],86.223,/hEUigxkQ6JTsKDUab8TL8trGOAc.jpg,0.9204495499742966
171,Ozark,"A financial adviser drags his family from Chicago to the Missouri Ozarks, where he must launder $500 million in five years to appease a drug boss.","['Crime', 'Drama']",4,44,2017-07-21,2022-04-29,['Netflix'],1968,8.244,['en'],68.006,/gD830J0sf5gEeZvzkRVPdGxJmSR.jpg,0.8792799640774162
172,Locked Up: The Oasis,"After a few years dedicating themselves to robbing jewelers, banks and casinos, it is time for Macarena and Zulema to separate.",['Drama'],1,8,2020-04-20,2020-06-08,['FOX España'],1966,7.86,['es'],20.921,/7wm4CH6LbsFul4wWmmfXGcStVsk.jpg,0.8374717371254565
173,The Haunting of Hill House,"The Crains, a fractured family, confront haunting memories of their old home and the terrifying events that drove them from it.","['Mystery', 'Drama']",1,10,2018-10-12,2018-10-12,['Netflix'],1953,8.1,['en'],47.223,/6YANELLOCepacNcfJ9lj43NvvrZ.jpg,0.8573365956054926
174,Once Upon a Time,"There is a town in Maine where every story book character you've ever known is trapped between two worlds, victims of a powerful curse. Only one knows the truth and only one can break the spell.    Emma Swan is a 28-year-old bail bonds collector who has been supporting herself since she was abandoned as a baby. Things change for her when her son Henry, whom she abandoned years ago, finds her and asks for her help explaining that she is from a different world where she is Snow White's missing daughter.","['Drama', 'Sci-Fi']",7,156,2011-10-23,2018-05-18,['ABC'],1948,7.315,['en'],625.792,/4043WFrLsGnZa3RL4Po9buc1EtF.jpg,0.7722668322537624
175,Halo,"Depicting an epic 26th-century conflict between humanity and an alien threat known as the Covenant, the series weaves deeply drawn personal stories with action, adventure and a richly imagined vision of the future.","['Action', 'Sci-Fi']",1,9,2022-03-24,2022-05-19,['Paramount+'],1926,8.3,['en'],91.325,/1qpUk27LVI9UoTS7S0EixUBj5aR.jpg,0.8663601644845402
176,Pasión de Gavilanes,The Reyes-Elizondo's idyllic lives are shattered by a murder charge against Eric and León.,['Drama'],2,259,2003-10-21,2022-05-31,['Telemundo'],1925,7.641,['es'],283.197,/qabMMIpNUUKYFqQxHEWErEEBD8G.jpg,0.7971591463918455
177,The Wire,"Told from the points of view of both the Baltimore homicide and narcotics detectives and their targets, the series captures a universe in which the national war on drugs has become a permanent, self-sustaining bureaucracy, and distinctions between good and evil are routinely obliterated.","['Crime', 'Drama']",5,60,2002-06-02,2008-03-09,['HBO'],1889,8.535,"['es', 'en', 'el', 'zh']",77.897,/oggnxmvofLtGQvXsO9bAFyCj3p6.jpg,0.8737749367138907
178,El juego de las llaves,"A casual encounter between Adriana and Sergio, two former high school friends, triggers the beginning of the game of the keys where four couples generate new sexual and emotional combinations in a dangerous and lustful game.",['Drama'],2,18,2019-08-16,2021-09-30,['Pantaya'],9999,7.483,['es'],25.334,/b3YoKUxr9fHNLgWEplNBYCtBy8K.jpg,0.7616149021102112
179,Sex and the City,"Based on the bestselling book by Candace Bushnell, Sex and thezCity tells the story of four best friends, all single and in their late thirties, as they pursue their careers and talk about their sex lives, all while trying to survive the New York social scene. ",['Comedy'],6,94,1998-06-06,2004-02-22,['HBO'],1871,7.4,['en'],91.846,/mXtL24G2Awyl3lKFtreMHnH5qFC.jpg,0.7503598832310083
180,American Dad!,"The series focuses on an eccentric motley crew that is the Smith family and their three housemates: Father, husband, and breadwinner Stan Smith; his better half housewife, Francine Smith; their college-aged daughter, Hayley Smith; and their high-school-aged son, Steve Smith. Outside of the Smith family, there are three additional main characters, including Hayley's boyfriend turned husband, Jeff Fischer; the family's man-in-a-goldfish-body pet, Klaus; and most notably the family's zany alien, Roger, who is ""full of masquerades, brazenness, and shocking antics.""","['Animation', 'Comedy']",20,366,2005-02-06,2023-10-02,"['FOX', 'TBS']",1861,6.952,['en'],196.512,/mc3rG5M9dFVjMfaCFNfbD5gu2pK.jpg,0.7011650115707084
181,"Sex, Explained","From the biology of attraction to the history of birth control, explore the ins and outs of sex in this entertaining and enlightening series.",['Documentary'],1,5,2020-01-02,2020-01-02,['Netflix'],1856,6.553,['en'],17.276,/dPDuW7NL3iTNjiTsEhb30n89au4.jpg,0.659146939221153
182,Gossip Girl,An exclusive group of privileged teens from a posh prep school on Manhattan's Upper East Side whose lives revolve around the blog of the all-knowing albeit ultra-secretive Gossip Girl.,"['Drama', 'Mystery']",6,121,2007-09-19,2012-12-17,['The CW'],1852,8.302,['en'],102.347,/zVF9VSQ5GypVD9uRlM95O1LcVr3.jpg,0.8332739620438019
183,InuYasha,"Kagome Higurashi is a modern day young girl who lives with her family by the old Higure shrine. Unbeknownst to Kagome, she is the reincarnation of priestess Kikyo and posseses the ""Jewel of Four Souls"" (the Shikon jewel). One ill-fated day, Kagome locates an ancient well near her home and is abruptly transported through the well and into a feudal Japan, inhabited by demons. There, she encounters Inuyasha, son of a powerful demon father and a human mother, who is pinned to a tree by an enchanted arrow.","['Animation', 'Sci-Fi', 'Action', 'Comedy', 'Mystery']",2,193,2000-10-16,2010-03-30,"['ANIMAX', 'Nippon TV', 'YTV']",1851,8.587,['ja'],89.589,/gtFE5NhVHpa9oX1PU9szsUS8ZPX.jpg,0.8614141106310357
184,Love Alarm,"Love Alarm is an app that tells you if someone within a 10-meter radius has a crush on you. It quickly becomes a social phenomenon. While everyone talks about it and uses it to test their love and popularity, Jojo is one of the few people who have yet to download the app. However, she soon faces a love triangle situation between Sun-oh whom she starts to have feelings for, and Hye-young, who has had a huge crush on her.","['Drama', 'Sci-Fi']",2,14,2019-08-22,2021-03-12,['Netflix'],1843,8.402,"['en', 'ko', 'pt']",28.929,/mXouvrZbn8YpZMURGvw30QK8qfo.jpg,0.839212825256437
185,The Legend of Korra,"Avatar Korra, a headstrong, rebellious, feisty young woman who continually challenges and breaks with tradition, is on her quest to become a fully realized Avatar. In this story, the Avatar struggles to find balance within herself.","['Action', 'Animation', 'Drama', 'Family', 'Sci-Fi']",4,52,2012-04-14,2014-12-18,['Nickelodeon'],1841,8.253,['en'],47.604,/hmrNfrUl3FFaymDj6Iw5oKQjIs2.jpg,0.8234357789676316
9999,Firefly,"In the year 2517, after the arrival of humans in a new star system, follow the adventures of the renegade crew of Serenity, a ""Firefly-class"" spaceship. The ensemble cast portrays the nine characters who live on Serenity.","['Drama', 'Action', 'Sci-Fi']",1,11,2002-09-20,2002-12-20,['FOX'],1830,8.331,['en'],43.565,/leEGz2TzhnfzEoPJJlf0ZWbozBR.jpg,0.8262516202183743
187,Lupin,"Inspired by the adventures of Arsène Lupin, gentleman thief Assane Diop sets out to avenge his father for an injustice inflicted by a wealthy family.","['Crime', 'Drama', 'Mystery']",2,17,2021-01-08,2021-06-11,['Netflix'],1824,7.769,['fr'],124.785,/aY7zv2pfk9H0QxaaL3PBjvalbKQ.jpg,0.767987330193912
188,She-Hulk: Attorney at Law,"Jennifer Walters navigates the complicated life of a single, 30-something attorney who also happens to be a green 6-foot-7-inch superpowered hulk.","['Comedy', 'Sci-Fi']",1,9,2022-08-18,2022-10-13,['Disney+'],1816,6.378,['en'],45.06,/eljErfkQUcFUgQkI4I1soZcH8MW.jpg,0.6277178217176265
189,The Wheel of Time,"Follow Moiraine, a member of the shadowy and influential all-female organization called the “Aes Sedai” as she embarks on a dangerous, world-spanning journey with five young men and women. Moiraine believes one of them might be the reincarnation of an incredibly powerful individual, whom prophecies say will either save humanity or destroy it.","['Sci-Fi', 'Drama']",2,16,2021-11-18,2023-09-28,['Prime Video'],1809,7.74,['en'],489.993,/oahCTL082gwu6fYrxEOBe546uvB.jpg,0.7588284890750919
190,The Crown,"The gripping, decades-spanning inside story of Her Majesty Queen Elizabeth II and the Prime Ministers who shaped Britain's post-war destiny.     The Crown tells the inside story of two of the most famous addresses in the world – Buckingham Palace and 10 Downing Street – and the intrigues, love lives and machinations behind the great events that shaped the second half of the 20th century. Two houses, two courts, one Crown.",['Drama'],6,55,2016-11-04,2022-11-09,['Netflix'],1794,8.236,['en'],52.673,/63u7DCLSWo8TNBZUhu7fEXj6kX1.jpg,0.800760932362612
191,Regular Show,"Two bored groundskeepers, Mordecai (a six-foot-tall blue jay) and Rigby (a hyperactive raccoon) are best friends who spend their days trying to entertain themselves by any means necessary, much to the displeasure of their boss. Their everyday pursuits often lead to things spiraling out of control and into the surreal.","['Animation', 'Comedy']",8,257,2010-09-06,2017-01-16,['Cartoon Network'],1783,8.655,['en'],190.447,/5iWJwQPBusPTV7G7n5TABNRP7tO.jpg,0.8363393198778425
192,Dragon Ball GT,"Ten years have passed since Goku left his friends and family to hone his skills. But Goku soon finds himself helpless against the mystical power of the Dragon Balls and an accidental wish made by the devious Emperor Pilaf. The wish; that Goku once again become a child! Goku, together with Trunks, and his own granddaughter Pan, blast off into the outer reaches of space in search of the mysterious Blackstar Dragon Balls. But these Dragon Balls have a fatal secret: if not collected within one year Earth will be destroyed.","['Animation', 'Action', 'Sci-Fi']",1,64,1996-02-07,1997-11-19,['Fuji TV'],1783,7.678,['ja'],18.346,/aJOlYXjxb5IvnTsO4I1tmFpC7GH.jpg,0.7419310569638448
193,Twin Peaks,The body of Laura Palmer is washed up on a beach near the small Washington state town of Twin Peaks. FBI Special Agent Dale Cooper is called in to investigate her strange demise only to uncover a web of mystery that ultimately leads him deep into the heart of the surrounding woodland and his very own soul.,"['Drama', 'Mystery']",3,48,0000-00-00,2017-09-03,"['ABC', 'Showtime']",1775,8.295,"['nn', 'en', 'af', 'is']",197.043,/j5w04XEuFv85N3RIovXBJIHxjSb.jpg,0.7979558218424281
194,La Reina del Sur,"After years of blood, sweat and tears, a woman of humble origin ends up becoming a drug trafficking legend, with all that that means...","['Drama', 'Crime']",3,183,2011-02-28,32/13/2021,['Telemundo'],1769,7.839,['es'],107.222,/mWGLIaVFXyalsSbstiwletjKFUC.jpg,0.7515408597441814
195,Yellowstone,"Follow the violent world of the Dutton family, who controls the largest contiguous ranch in the United States. Led by their patriarch John Dutton, the family defends their property against constant attack by land developers, an Indian reservation, and America’s first National Park.","['Western', 'Drama']",5,47,2018-06-20,2023-01-01,['Paramount Network'],1768,8.2,['en'],442.49,/xHkOKPUe3ioXyPIe5odyL6o6cp4.jpg,0.78570625934461
196,Star Wars: The Clone Wars,"Yoda, Obi-Wan Kenobi, Anakin Skywalker, Mace Windu and other Jedi Knights lead the Grand Army of the Republic against the droid army of the Separatists.","['Action', 'Animation', 'Sci-Fi']",7,133,2008-10-03,2020-05-04,"['Cartoon Network', 'Netflix', 'Disney+']",1767,8.474,['en'],629.948,/m6eRgkR1KC6Mr6gKx6gKCzSn6vD.jpg,0.8115010929574249
197,Fullmetal Alchemist: Brotherhood,"Edward and Alphonse Elric's reckless disregard for alchemy's fun­damental laws ripped half of Ed's limbs from his body and left Al's soul clinging to a cold suit of armor. To restore what was lost, the brothers scour a war-torn land for the Philosopher's Sto­ne, a fabled relic which grants the ability to perform alchemy in impossible ways.    The Elrics are not alone in their search; the corrupt State Military is also eager to harness the artifact's power. So too are the strange Homunculi and their shadowy creator. The mythical gem lures exotic alchemists from distant kingdoms, scarring some deeply enough to inspire murder. As the Elrics find their course altered by these enemies and allies, their purpose remains unchanged – and their bond unbreakable.","['Action', 'Animation', 'Sci-Fi']",1,64,2009-04-05,2010-07-04,"['MBS', 'TBS', 'CBC', 'SBS TV']",1749,8.699,['ja'],318.286,/A6tMQAo6t6eRFCPhsrShmxZLqFB.jpg,0.8245618553290059
198,Jurassic World Camp Cretaceous,Six teens attending an adventure camp on the opposite side of Isla Nublar must band together to survive when dinosaurs wreak havoc on the island.,"['Animation', 'Kids', 'Action']",5,49,2020-09-18,2022-07-21,['Netflix'],1745,8.031,"['en', 'pt', 'th']",38.434,/4WIglfr4lDFVjCEcXzCeu6cJsOh.jpg,0.7595024114715543
199,Drake & Josh,"Fifteen-year-old Drake and Josh are schoolmates, but not close friends. Drake views Josh as weird and a bit of a goof. So, imagine Drake's shock when he finds out that this ""goof"" is about to become his new step-brother and roommate when his mother marries Josh's father. A spin off of The Amanda Show.",['Comedy'],4,57,2004-01-11,2007-09-16,['Nickelodeon'],1736,8.371,['en'],77.958,/tiDbvFzWZU2UzToqBazDf3hDe7S.jpg,0.7875736232442886
200,The Sandman,"After years of imprisonment, Morpheus — the King of Dreams — embarks on a journey across worlds to find what was stolen from him and restore his power.","['Sci-Fi', 'Drama']",1,11,2022-08-05,2022-08-19,['Netflix'],1726,8.064,['en'],64.168,/eqhKMZTLcieAvoH6CBqknTTfNby.jpg,0.754319631198448
